0, 3, 2331, 150, -1, 0, 0,
19, 0, 0, 0, 26, 0, 0,
46, 0, 0, 0, 0, 0, 0,
2, 1, 2, 1, 100, 99, 0,
2, 1, 0, 0, 110, -7, 0,
7, 1, 1, 0, 110, 110, 7,
39, 1, 2, 0, 101, 110, 0,
27, 0, 1, 0, 2, 101, 46,
21, 0, 0, 0, 3, 0, 0,
7, 1, 1, 0, 110, 110, 2,
39, 1, 2, 0, 101, 110, 0,
27, 0, 1, 1, 3, 101, 100,
8, 1, 1, 0, 110, 110, 2,
21, 0, 0, 0, 8, 0, 0,
6, 1, 0, 0, 99, 0, 0,
10, 1, 1, 0, 110, 110, 7,
5, 1, 0, 0, 0, 0, 0,
32, 2, 0, 0, 0, 0, 0,
7, 2, 2, 0, 0, 0, 3,
19, 1, 0, 0, 110, 0, 0,
6, 1, 0, 0, 0, 0, 0,
2, 1, 2, 0, 103, 0, 0,
6, 1, 0, 0, 0, 0, 0,
19, 1, 0, 0, 103, 0, 0,
46, 0, 0, 0, 0, 0, 0,
46, 0, 1, 0, 0, 0, 0,
13, 0, 0, 0, 0, 0, 0,
49, 0, 0, 0, 0, 2, 0,
34, 0, 0, 0, 0, 0, 0,
46, 0, 1, 0, 0, 0, 0,
46, 0, 100, 0, 0, 0, 0,
27, 0, 1, 0, 2, 98, 1,
49, 0, 0, 0, 0, 101, 0,
49, 0, 0, 0, 0, 102, 0,
49, 0, 0, 0, 0, 200, 0,
19, 2, 0, 0, 0, 0, 0,
46, 0, 100, 0, 0, 0, 0,
46, 0, 101, 0, 0, 0, 0,
39, 1, 1, 0, 100, 3, 0,
2, 1, 1, 0, 99, 100, 0,
42, 0, 0, 0, 189, 0, 0,
5, 1, 0, 0, 99, 0, 0,
2, 2, 0, 0, 99, 404, 0,
5, 1, 0, 0, 99, 0, 0,
2, 2, 0, 0, 99, 403, 0,
5, 1, 0, 0, 99, 0, 0,
2, 2, 0, 0, 99, 402, 0,
5, 1, 0, 0, 99, 0, 0,
2, 2, 0, 0, 99, 401, 0,
5, 1, 0, 0, 99, 0, 0,
2, 2, 0, 0, 99, 400, 0,
5, 1, 0, 0, 99, 0, 0,
2, 2, 0, 0, 99, 302, 0,
5, 1, 0, 0, 99, 0, 0,
2, 2, 0, 0, 99, 301, 0,
5, 1, 0, 0, 99, 0, 0,
2, 2, 0, 0, 99, 202, 0,
5, 1, 0, 0, 99, 0, 0,
2, 2, 0, 0, 99, 105, 0,
5, 1, 0, 0, 99, 0, 0,
2, 2, 0, 0, 99, 104, 0,
5, 1, 0, 0, 99, 0, 0,
2, 2, 0, 0, 99, 2, 0,
2, 1, 0, 0, 98, 1, 0,
49, 0, 0, 0, 0, 200, 0,
19, 2, 0, 0, 0, 0, 0,
46, 0, 101, 0, 0, 0, 0,
46, 0, 102, 0, 0, 0, 0,
39, 1, 1, 0, 100, 3, 0,
27, 0, 1, 1, 3, 99, 100,
49, 0, 0, 0, 0, 103, 0,
19, 2, 0, 0, 0, 0, 0,
43, 1, 0, 0, 194, 2, 0,
50, 0, 0, 0, 0, 0, 0,
19, 2, 0, 0, 0, 0, 0,
46, 0, 102, 0, 0, 0, 0,
46, 0, 103, 0, 0, 0, 0,
49, 0, 0, 0, 0, 300, 0,
27, 0, 2, 0, 3, 99, 1,
6, 1, 0, 0, 99, 0, 0,
19, 2, 0, 0, 0, 0, 0,
6, 1, 0, 0, 99, 0, 0,
49, 0, 0, 0, 0, 201, 0,
19, 2, 0, 0, 0, 0, 0,
46, 0, 103, 0, 0, 0, 0,
46, 0, 200, 0, 0, 0, 0,
2, 1, 0, 0, 100, -7, 0,
7, 1, 1, 0, 100, 100, 7,
39, 1, 2, 0, 101, 100, 0,
27, 0, 0, 1, 2, 46, 101,
21, 0, 0, 0, 3, 0, 0,
5, 1, 0, 0, 100, 0, 0,
39, 1, 2, 0, 101, 100, 0,
6, 1, 0, 0, 100, 0, 0,
27, 0, 0, 1, 2, -1, 101,
21, 0, 0, 0, 8, 0, 0,
7, 1, 1, 0, 100, 100, 7,
43, 1, 1, 0, 2, 100, 0,
19, 2, 0, 0, 0, 0, 0,
46, 0, 200, 0, 0, 0, 0,
46, 0, 201, 0, 0, 0, 0,
2, 1, 0, 0, 100, -7, 0,
7, 1, 1, 0, 100, 100, 7,
39, 1, 2, 0, 101, 100, 0,
27, 0, 0, 1, 2, 46, 101,
21, 0, 0, 0, 3, 0, 0,
5, 1, 0, 0, 100, 0, 0,
39, 1, 2, 0, 101, 100, 0,
6, 1, 0, 0, 100, 0, 0,
27, 0, 0, 1, 2, -1, 101,
21, 0, 0, 0, 8, 0, 0,
3, 1, 1, 0, 101, 1, 0,
2, 1, 0, 0, 102, 1, 0,
2, 1, 0, 0, 103, 1000, 0,
2, 1, 1, 0, 104, 103, 0,
12, 1, 0, 0, 105, 0, 0,
2, 2, 0, 0, 104, 46, 0,
7, 1, 1, 0, 104, 104, 2,
2, 2, 1, 0, 104, 101, 0,
7, 1, 1, 0, 104, 104, 4,
5, 1, 0, 0, 102, 0, 0,
5, 1, 0, 0, 104, 0, 0,
27, 0, 1, 1, 3, 102, 105,
3, 2, 2, 0, 104, 102, 0,
21, 0, 0, 0, 4, 0, 0,
2, 2, 0, 0, 104, 46, 0,
7, 1, 1, 0, 104, 104, 2,
2, 2, 1, 0, 104, 101, 0,
7, 1, 1, 0, 104, 104, 4,
45, 2, 2, 2, 100, 103, 104,
19, 2, 0, 0, 0, 0, 0,
46, 0, 201, 0, 0, 0, 0,
46, 0, 300, 0, 0, 0, 0,
14, 1, 0, 0, 100, 0, 0,
5, 1, 0, 0, 99, 0, 0,
2, 2, 0, 0, 99, -1, 0,
5, 2, 0, 0, 99, 0, 0,
27, 0, 2, 1, 2, 99, 100,
20, 0, 0, 0, 4, 0, 0,
6, 1, 0, 0, 99, 0, 0,
2, 2, 0, 0, 99, -1, 0,
19, 2, 0, 0, 0, 0, 0,
16, 2, 0, 0, 99, 0, 0,
12, 1, 0, 0, 101, 0, 0,
28, 0, 1, 0, -8, 101, 2,
3, 1, 1, 0, 102, 0, 0,
3, 1, 1, 0, 103, 1, 0,
27, 0, 1, 0, 2, 102, 3,
21, 0, 0, 0, 12, 0, 0,
6, 1, 0, 0, 99, 0, 0,
27, 0, 2, 0, 4, 99, -1,
27, 0, 2, 1, 3, 99, 103,
5, 1, 0, 0, 99, 0, 0,
21, 0, 0, 0, 5, 0, 0,
2, 2, 0, 0, 99, 1, 0,
19, 2, 0, 0, 0, 0, 0,
46, 0, 300, 0, 0, 0, 0,
46, 0, 2, 0, 0, 0, 0,
5, 1, 0, 0, 99, 0, 0,
12, 2, 0, 0, 99, 0, 0,
29, 0, 2, 0, 3, 99, 1,
6, 1, 0, 0, 99, 0, 0,
19, 2, 0, 0, 0, 0, 0,
3, 2, 1, 0, 99, 0, 0,
27, 0, 2, 0, 2, 99, 2,
20, 0, 0, 0, 4, 0, 0,
49, 0, 0, 0, 0, 104, 0,
6, 1, 0, 0, 99, 0, 0,
19, 2, 0, 0, 0, 0, 0,
27, 0, 2, 0, 2, 99, 0,
20, 0, 0, 0, 4, 0, 0,
49, 0, 0, 0, 0, 401, 0,
6, 1, 0, 0, 99, 0, 0,
19, 2, 0, 0, 0, 0, 0,
27, 0, 2, 0, 2, 99, 1,
20, 0, 0, 0, 4, 0, 0,
49, 0, 0, 0, 0, 402, 0,
6, 1, 0, 0, 99, 0, 0,
19, 2, 0, 0, 0, 0, 0,
27, 0, 2, 0, 2, 99, 3,
20, 0, 0, 0, 6, 0, 0,
5, 1, 0, 0, 99, 0, 0,
3, 2, 1, 0, 99, 1, 0,
49, 0, 0, 0, 0, 103, 0,
6, 1, 0, 0, 99, 0, 0,
19, 2, 0, 0, 0, 0, 0,
27, 0, 2, 0, 2, 99, 4,
20, 0, 0, 0, 5, 0, 0,
3, 2, 1, 0, 99, 1, 0,
49, 0, 0, 0, 0, 302, 0,
6, 1, 0, 0, 99, 0, 0,
19, 2, 0, 0, 0, 0, 0,
3, 2, 1, 0, 99, 1, 0,
49, 0, 2, 0, 0, 99, 0,
6, 1, 0, 0, 99, 0, 0,
19, 2, 0, 0, 0, 0, 0,
46, 0, 2, 0, 0, 0, 0,
46, 0, 104, 0, 0, 0, 0,
49, 0, 0, 0, 0, 105, 0,
49, 0, 0, 0, 0, 200, 0,
39, 1, 1, 0, 100, 2, 0,
13, 1, 0, 0, 100, 0, 0,
2, 1, 0, 0, 102, -1, 0,
5, 1, 0, 0, 102, 0, 0,
27, 0, 1, 1, 4, 102, 100,
39, 1, 2, 0, 103, 102, 0,
4, 2, 1, 0, 102, 103, 0,
21, 0, 0, 0, 4, 0, 0,
49, 0, 0, 0, 0, 301, 0,
2, 1, 2, 0, 100, 99, 0,
6, 1, 0, 0, 99, 0, 0,
27, 0, 1, 0, 2, 100, -1,
17, 1, 1, 0, 101, 100, 0,
19, 2, 0, 0, 0, 0, 0,
46, 0, 104, 0, 2, 99, 1,
46, 0, 105, 0, 0, 0, 0,
36, 1, 0, 0, 101, -1000, 1000,
43, 1, 1, 0, 5, 101, 0,
19, 2, 0, 0, 0, 0, 0,
46, 1, 105, 0, 100, 0, 0,
46, 0, 202, 0, 0, 0, 0,
2, 1, 2, 0, 100, 99, 0,
2, 1, 0, 0, 101, -1, 0,
2, 1, 0, 0, 102, -1, 0,
2, 1, 0, 0, 110, -7, 0,
7, 1, 1, 0, 110, 110, 7,
39, 1, 2, 0, 104, 110, 0,
27, 0, 1, 0, 2, 104, 46,
21, 0, 0, 0, 3, 0, 0,
7, 1, 1, 0, 110, 110, 2,
39, 1, 2, 0, 104, 110, 0,
8, 1, 1, 0, 110, 110, 2,
27, 0, 1, 1, 2, 104, 100,
21, 0, 0, 0, 8, 0, 0,
2, 2, 1, 0, 99, 110, 0,
7, 1, 1, 0, 110, 110, 7,
39, 1, 2, 0, 104, 110, 0,
27, 0, 1, 0, 2, 104, 46,
21, 0, 0, 0, 3, 0, 0,
7, 1, 1, 0, 110, 110, 2,
39, 1, 2, 0, 104, 110, 0,
8, 1, 1, 0, 110, 110, 2,
27, 0, 1, 1, 2, 104, 100,
21, 0, 0, 0, 8, 0, 0,
5, 1, 0, 0, 99, 0, 0,
2, 2, 1, 0, 99, 110, 0,
19, 2, 0, 0, 0, 0, 0,
46, 1, 202, 0, 99, 0, 0,
46, 0, 301, 0, 0, 0, 0,
14, 1, 0, 0, 100, 0, 0,
5, 1, 0, 0, 99, 0, 0,
2, 2, 0, 0, 99, -1, 0,
5, 2, 0, 0, 99, 0, 0,
27, 0, 2, 1, 4, 99, 100,
15, 1, 2, 0, 101, 99, 0,
27, 0, 2, 1, 3, 101, 1,
21, 0, 0, 0, 4, 0, 0,
2, 2, 0, 0, 99, -1, 0,
19, 2, 0, 0, 0, 0, 0,
46, 1, 301, 0, 110, 110, 2,
46, 0, 302, 0, 0, 0, 0,
2, 1, 2, 0, 100, 99, 0,
5, 1, 0, 0, 99, 0, 0,
2, 2, 1, 0, 99, 100, 0,
49, 0, 0, 0, 0, 202, 0,
2, 1, 2, 0, 103, 99, 0,
6, 1, 0, 0, 99, 0, 0,
2, 1, 2, 0, 102, 99, 0,
7, 1, 1, 0, 102, 102, 7,
8, 1, 1, 0, 103, 103, 1,
29, 0, 1, 1, 2, 103, 102,
19, 2, 0, 0, 0, 0, 0,
8, 1, 1, 0, 102, 102, 3,
8, 1, 1, 1, 104, 103, 102,
13, 1, 0, 0, 104, 0, 0,
2, 1, 1, 0, 110, 102, 0,
5, 1, 0, 0, 102, 0, 0,
5, 1, 0, 0, 110, 0, 0,
8, 1, 1, 1, 105, 110, 102,
39, 1, 2, 0, 104, 110, 0,
4, 2, 1, 0, 105, 104, 0,
27, 0, 1, 1, 2, 110, 103,
21, 0, 0, 0, 5, 0, 0,
6, 1, 0, 0, 99, 0, 0,
4, 1, 0, 0, 0, 3, 0,
4, 1, 2, 0, 1, 99, 0,
5, 1, 0, 0, 99, 0, 0,
49, 0, 0, 0, 0, 301, 0,
2, 1, 2, 0, 100, 99, 0,
6, 1, 0, 0, 99, 0, 0,
27, 0, 1, 0, 2, 100, -1,
17, 1, 1, 0, 101, 100, 0,
19, 2, 0, 0, 0, 0, 0,
46, 1, 302, 0, 99, 0, 0,
46, 0, 400, 0, 0, 0, 0,
19, 2, 0, 0, 0, 0, 0,
46, 1, 400, 0, 99, 0, 0,
46, 0, 401, 0, 0, 0, 0,
3, 1, 1, 0, 100, 1, 0,
27, 0, 1, 0, 2, 100, 0,
20, 0, 0, 0, 4, 0, 0,
3, 1, 1, 0, 100, 2, 0,
49, 0, 1, 0, 0, 100, 0,
19, 2, 0, 0, 0, 0, 0,
3, 1, 1, 0, 100, 1, 0,
27, 0, 1, 0, 2, 100, 1,
20, 0, 0, 0, 2, 0, 0,
49, 0, 0, 0, 0, 404, 0,
19, 2, 0, 0, 0, 0, 0,
46, 1, 401, 0, 102, 102, 3,
46, 0, 402, 0, 0, 0, 0,
49, 0, 0, 0, 0, 403, 0,
19, 2, 0, 0, 0, 0, 0,
46, 0, 402, 0, 4, 0, 0,
46, 0, 403, 0, 0, 0, 0,
2, 1, 0, 0, 100, -1, 0,
13, 0, 0, 0, 1, 0, 0,
4, 1, 1, 0, 0, 100, 0,
19, 2, 0, 0, 0, 0, 0,
46, 0, 403, 0, 0, 100, 0,
46, 0, 404, 0, 0, 0, 0,
2, 1, 0, 0, 101, 1000, 0,
3, 1, 1, 0, 101, 2, 0,
39, 1, 1, 0, 102, 2210, 0,
7, 1, 1, 1, 103, 102, 101,
8, 1, 1, 1, 102, 102, 101,
36, 1, 1, 1, 101, 102, 103,
9, 1, 1, 0, 101, 101, 2,
43, 1, 1, 0, 2210, 101, 0,
50, 0, 0, 0, 0, 0, 0,
19, 2, 0, 0, 0, 0, 0,
46, 2, 404, 0, 0, 0, 0,
46, 0, 1000, 0, 0, 0, 0,
3, 1, 1, 0, 100, 2, 0,
29, 0, 1, 0, 3, 100, 6,
2, 1, 0, 0, 101, 0, 0,
20, 0, 0, 0, 2, 0, 0,
2, 1, 0, 0, 101, 1, 0,
13, 0, 0, 0, 1, 0, 0,
4, 1, 1, 0, 0, 101, 0,
1, 2, 1, 0, 99, 101, 0,
19, 2, 0, 0, 0, 0, 0,
46, 0, 1000, 0, 0, 0, 0,
46, 0, 10000, 0, 0, 0, 0,
2, 1, 1, 0, 100, 99, 0,
5, 2, 0, 0, 100, 0, 0,
2, 1, 3, 0, 98, 100, 0,
5, 2, 0, 0, 100, 0, 0,
2, 2, 3, 0, 98, 100, 0,
5, 2, 0, 0, 100, 0, 0,
19, 2, 0, 0, 0, 0, 0,
46, 2, 10000, 0, 99, 101, 0,
46, 0, 10001, 0, 0, 0, 0,
2, 1, 1, 0, 100, 99, 0,
5, 2, 0, 0, 100, 0, 0,
2, 1, 1, 0, 101, 98, 0,
2, 1, 1, 0, 102, 101, 0,
7, 1, 1, 2, 102, 102, 98,
2, 1, 0, 0, 103, 100, 0,
31, 0, 1, 1, 5, 101, 102,
5, 1, 0, 0, 101, 0, 0,
2, 2, 1, 0, 101, 103, 0,
5, 1, 0, 0, 103, 0, 0,
21, 0, 0, 0, 4, 0, 0,
19, 2, 0, 0, 0, 0, 0,
46, 0, 10001, 0, 0, 0, 0,
46, 0, 10100, 0, 0, 0, 0,
2, 1, 1, 0, 100, 99, 0,
5, 2, 0, 0, 100, 0, 0,
6, 1, 0, 0, 99, 0, 0,
2, 1, 2, 0, 101, 99, 0,
5, 1, 0, 0, 99, 0, 0,
5, 1, 0, 0, 101, 0, 0,
5, 2, 0, 0, 101, 0, 0,
2, 3, 0, 0, 101, 2, 0,
5, 2, 0, 0, 101, 0, 0,
2, 3, 0, 0, 101, 1, 0,
5, 2, 0, 0, 101, 0, 0,
2, 3, 0, 0, 101, 0, 0,
5, 2, 0, 0, 101, 0, 0,
2, 3, 0, 0, 101, 0, 0,
5, 2, 0, 0, 101, 0, 0,
7, 1, 1, 3, 102, 98, 100,
2, 3, 2, 0, 101, 102, 0,
5, 2, 0, 0, 100, 0, 0,
5, 2, 0, 0, 101, 0, 0,
2, 3, 3, 0, 101, 100, 0,
5, 2, 0, 0, 100, 0, 0,
5, 2, 0, 0, 101, 0, 0,
2, 3, 0, 0, 101, 0, 0,
19, 2, 0, 0, 0, 0, 0,
46, 0, 10100, 0, 0, 0, 0,
46, 0, 10101, 0, 0, 0, 0,
2, 1, 1, 0, 100, 99, 0,
5, 2, 0, 0, 100, 0, 0,
6, 1, 0, 0, 99, 0, 0,
2, 1, 2, 0, 101, 99, 0,
5, 1, 0, 0, 99, 0, 0,
5, 1, 0, 0, 101, 0, 0,
5, 2, 0, 0, 101, 0, 0,
2, 3, 0, 0, 101, 2, 0,
5, 2, 0, 0, 101, 0, 0,
2, 3, 0, 0, 101, 2, 0,
5, 2, 0, 0, 101, 0, 0,
2, 3, 0, 0, 101, 0, 0,
5, 2, 0, 0, 101, 0, 0,
2, 3, 0, 0, 101, 0, 0,
5, 2, 0, 0, 101, 0, 0,
7, 1, 1, 3, 102, 98, 100,
2, 3, 2, 0, 101, 102, 0,
5, 2, 0, 0, 100, 0, 0,
5, 2, 0, 0, 101, 0, 0,
2, 3, 3, 0, 101, 100, 0,
5, 2, 0, 0, 100, 0, 0,
5, 2, 0, 0, 101, 0, 0,
2, 3, 0, 0, 101, 0, 0,
19, 2, 0, 0, 0, 0, 0,
46, 0, 10101, 0, 0, 0, 0,
46, 0, 10110, 0, 0, 0, 0,
2, 1, 1, 0, 100, 99, 0,
5, 2, 0, 0, 100, 0, 0,
6, 1, 0, 0, 99, 0, 0,
2, 1, 2, 0, 101, 99, 0,
5, 1, 0, 0, 99, 0, 0,
5, 1, 0, 0, 101, 0, 0,
5, 2, 0, 0, 101, 0, 0,
2, 3, 0, 0, 101, 2, 0,
5, 2, 0, 0, 101, 0, 0,
2, 3, 0, 0, 101, 1, 0,
5, 2, 0, 0, 101, 0, 0,
2, 3, 0, 0, 101, 1, 0,
5, 2, 0, 0, 101, 0, 0,
2, 3, 0, 0, 101, 0, 0,
5, 2, 0, 0, 101, 0, 0,
7, 1, 1, 3, 102, 98, 100,
2, 3, 2, 0, 101, 102, 0,
5, 2, 0, 0, 100, 0, 0,
5, 2, 0, 0, 101, 0, 0,
7, 1, 1, 3, 102, 98, 100,
2, 3, 2, 0, 101, 102, 0,
5, 2, 0, 0, 100, 0, 0,
5, 2, 0, 0, 101, 0, 0,
2, 3, 0, 0, 101, 0, 0,
19, 2, 0, 0, 0, 0, 0,
46, 0, 10110, 0, 0, 0, 0,
46, 0, 10111, 0, 0, 0, 0,
2, 1, 1, 0, 100, 99, 0,
5, 2, 0, 0, 100, 0, 0,
6, 1, 0, 0, 99, 0, 0,
2, 1, 2, 0, 101, 99, 0,
5, 1, 0, 0, 99, 0, 0,
5, 1, 0, 0, 101, 0, 0,
5, 2, 0, 0, 101, 0, 0,
2, 3, 0, 0, 101, 2, 0,
5, 2, 0, 0, 101, 0, 0,
2, 3, 0, 0, 101, 2, 0,
5, 2, 0, 0, 101, 0, 0,
2, 3, 0, 0, 101, 1, 0,
5, 2, 0, 0, 101, 0, 0,
2, 3, 0, 0, 101, 0, 0,
5, 2, 0, 0, 101, 0, 0,
7, 1, 1, 3, 102, 98, 100,
2, 3, 2, 0, 101, 102, 0,
5, 2, 0, 0, 100, 0, 0,
5, 2, 0, 0, 101, 0, 0,
7, 1, 1, 3, 102, 98, 100,
2, 3, 2, 0, 101, 102, 0,
5, 2, 0, 0, 100, 0, 0,
5, 2, 0, 0, 101, 0, 0,
2, 3, 0, 0, 101, 0, 0,
19, 2, 0, 0, 0, 0, 0,
46, 0, 10111, 0, 0, 0, 0,
46, 0, 10112, 0, 0, 0, 0,
2, 1, 1, 0, 100, 99, 0,
5, 2, 0, 0, 100, 0, 0,
6, 1, 0, 0, 99, 0, 0,
2, 1, 2, 0, 101, 99, 0,
5, 1, 0, 0, 99, 0, 0,
5, 1, 0, 0, 101, 0, 0,
5, 2, 0, 0, 101, 0, 0,
2, 3, 0, 0, 101, 2, 0,
5, 2, 0, 0, 101, 0, 0,
2, 3, 0, 0, 101, 1, 0,
5, 2, 0, 0, 101, 0, 0,
2, 3, 0, 0, 101, 2, 0,
5, 2, 0, 0, 101, 0, 0,
2, 3, 0, 0, 101, 0, 0,
5, 2, 0, 0, 101, 0, 0,
7, 1, 1, 3, 102, 98, 100,
2, 3, 2, 0, 101, 102, 0,
5, 2, 0, 0, 100, 0, 0,
5, 2, 0, 0, 101, 0, 0,
7, 1, 1, 3, 102, 98, 100,
2, 3, 2, 0, 101, 102, 0,
5, 2, 0, 0, 100, 0, 0,
5, 2, 0, 0, 101, 0, 0,
2, 3, 0, 0, 101, 0, 0,
19, 2, 0, 0, 0, 0, 0,
46, 0, 10112, 0, 0, 0, 0,
46, 0, 10113, 0, 0, 0, 0,
2, 1, 1, 0, 100, 99, 0,
5, 2, 0, 0, 100, 0, 0,
6, 1, 0, 0, 99, 0, 0,
2, 1, 2, 0, 101, 99, 0,
5, 1, 0, 0, 99, 0, 0,
5, 1, 0, 0, 101, 0, 0,
5, 2, 0, 0, 101, 0, 0,
2, 3, 0, 0, 101, 2, 0,
5, 2, 0, 0, 101, 0, 0,
2, 3, 0, 0, 101, 2, 0,
5, 2, 0, 0, 101, 0, 0,
2, 3, 0, 0, 101, 2, 0,
5, 2, 0, 0, 101, 0, 0,
2, 3, 0, 0, 101, 0, 0,
5, 2, 0, 0, 101, 0, 0,
7, 1, 1, 3, 102, 98, 100,
2, 3, 2, 0, 101, 102, 0,
5, 2, 0, 0, 100, 0, 0,
5, 2, 0, 0, 101, 0, 0,
7, 1, 1, 3, 102, 98, 100,
2, 3, 2, 0, 101, 102, 0,
5, 2, 0, 0, 100, 0, 0,
5, 2, 0, 0, 101, 0, 0,
2, 3, 0, 0, 101, 0, 0,
19, 2, 0, 0, 0, 0, 0,
46, 0, 10113, 0, 0, 0, 0,
46, 0, 10114, 0, 0, 0, 0,
2, 1, 1, 0, 100, 99, 0,
5, 2, 0, 0, 100, 0, 0,
6, 1, 0, 0, 99, 0, 0,
2, 1, 2, 0, 101, 99, 0,
5, 1, 0, 0, 99, 0, 0,
5, 1, 0, 0, 101, 0, 0,
5, 2, 0, 0, 101, 0, 0,
2, 3, 0, 0, 101, 2, 0,
5, 2, 0, 0, 101, 0, 0,
2, 3, 0, 0, 101, 1, 0,
5, 2, 0, 0, 101, 0, 0,
2, 3, 0, 0, 101, 1, 0,
5, 2, 0, 0, 101, 0, 0,
2, 3, 0, 0, 101, 0, 0,
5, 2, 0, 0, 101, 0, 0,
2, 3, 3, 0, 101, 100, 0,
5, 2, 0, 0, 100, 0, 0,
5, 2, 0, 0, 101, 0, 0,
7, 1, 1, 3, 103, 98, 100,
2, 3, 2, 0, 101, 103, 0,
5, 2, 0, 0, 100, 0, 0,
5, 2, 0, 0, 101, 0, 0,
2, 3, 0, 0, 101, 0, 0,
19, 2, 0, 0, 0, 0, 0,
46, 2, 10114, 0, 0, 0, 0,
46, 0, 10115, 0, 0, 0, 0,
2, 1, 1, 0, 100, 99, 0,
5, 2, 0, 0, 100, 0, 0,
6, 1, 0, 0, 99, 0, 0,
2, 1, 2, 0, 101, 99, 0,
5, 1, 0, 0, 99, 0, 0,
5, 1, 0, 0, 101, 0, 0,
5, 2, 0, 0, 101, 0, 0,
2, 3, 0, 0, 101, 2, 0,
5, 2, 0, 0, 101, 0, 0,
2, 3, 0, 0, 101, 1, 0,
5, 2, 0, 0, 101, 0, 0,
2, 3, 0, 0, 101, 1, 0,
5, 2, 0, 0, 101, 0, 0,
2, 3, 0, 0, 101, 0, 0,
5, 2, 0, 0, 101, 0, 0,
7, 1, 1, 3, 103, 98, 100,
2, 3, 2, 0, 101, 103, 0,
5, 2, 0, 0, 100, 0, 0,
5, 2, 0, 0, 101, 0, 0,
2, 3, 3, 0, 101, 100, 0,
5, 2, 0, 0, 100, 0, 0,
5, 2, 0, 0, 101, 0, 0,
2, 3, 0, 0, 101, 0, 0,
19, 2, 0, 0, 0, 0, 0,
46, 2, 10115, 0, 0, 0, 0,
46, 0, 10150, 0, 0, 0, 0,
2, 1, 1, 0, 100, 99, 0,
5, 2, 0, 0, 100, 0, 0,
6, 1, 0, 0, 99, 0, 0,
2, 1, 2, 0, 101, 99, 0,
5, 1, 0, 0, 99, 0, 0,
5, 1, 0, 0, 101, 0, 0,
5, 2, 0, 0, 101, 0, 0,
2, 3, 0, 0, 101, 39, 0,
5, 2, 0, 0, 101, 0, 0,
2, 3, 0, 0, 101, 1, 0,
5, 2, 0, 0, 101, 0, 0,
2, 3, 0, 0, 101, 2, 0,
5, 2, 0, 0, 101, 0, 0,
2, 3, 0, 0, 101, 0, 0,
5, 2, 0, 0, 101, 0, 0,
7, 1, 1, 3, 102, 98, 100,
2, 3, 2, 0, 101, 102, 0,
5, 2, 0, 0, 100, 0, 0,
5, 2, 0, 0, 101, 0, 0,
7, 1, 1, 3, 102, 98, 100,
2, 3, 2, 0, 101, 102, 0,
5, 2, 0, 0, 100, 0, 0,
5, 2, 0, 0, 101, 0, 0,
2, 3, 0, 0, 101, 0, 0,
19, 2, 0, 0, 0, 0, 0,
46, 0, 10150, 0, 0, 0, 0,
46, 0, 10170, 0, 0, 0, 0,
2, 1, 1, 0, 100, 99, 0,
5, 2, 0, 0, 100, 0, 0,
6, 1, 0, 0, 99, 0, 0,
2, 1, 2, 0, 101, 99, 0,
5, 1, 0, 0, 99, 0, 0,
5, 1, 0, 0, 101, 0, 0,
5, 2, 0, 0, 101, 0, 0,
2, 3, 0, 0, 101, 45, 0,
5, 2, 0, 0, 101, 0, 0,
2, 3, 0, 0, 101, 2, 0,
5, 2, 0, 0, 101, 0, 0,
2, 3, 0, 0, 101, 2, 0,
5, 2, 0, 0, 101, 0, 0,
2, 3, 0, 0, 101, 2, 0,
5, 2, 0, 0, 101, 0, 0,
7, 1, 1, 3, 102, 98, 100,
2, 3, 2, 0, 101, 102, 0,
5, 2, 0, 0, 100, 0, 0,
5, 2, 0, 0, 101, 0, 0,
7, 1, 1, 3, 102, 98, 100,
2, 3, 2, 0, 101, 102, 0,
5, 2, 0, 0, 100, 0, 0,
5, 2, 0, 0, 101, 0, 0,
7, 1, 1, 3, 102, 98, 100,
2, 3, 2, 0, 101, 102, 0,
5, 2, 0, 0, 100, 0, 0,
19, 2, 0, 0, 0, 0, 0,
46, 0, 10170, 0, 0, 0, 0,
46, 0, 10200, 0, 0, 0, 0,
2, 1, 1, 0, 100, 99, 0,
5, 2, 0, 0, 100, 0, 0,
6, 1, 0, 0, 99, 0, 0,
2, 1, 2, 0, 101, 99, 0,
5, 1, 0, 0, 99, 0, 0,
5, 1, 0, 0, 101, 0, 0,
5, 2, 0, 0, 101, 0, 0,
2, 3, 0, 0, 101, 3, 0,
5, 2, 0, 0, 101, 0, 0,
2, 3, 0, 0, 101, 1, 0,
5, 2, 0, 0, 101, 0, 0,
2, 3, 0, 0, 101, 1, 0,
5, 2, 0, 0, 101, 0, 0,
2, 3, 0, 0, 101, 0, 0,
5, 2, 0, 0, 101, 0, 0,
7, 1, 1, 3, 102, 98, 100,
2, 3, 2, 0, 101, 102, 0,
5, 2, 0, 0, 100, 0, 0,
5, 2, 0, 0, 101, 0, 0,
2, 3, 3, 0, 101, 100, 0,
5, 2, 0, 0, 100, 0, 0,
5, 2, 0, 0, 101, 0, 0,
2, 3, 0, 0, 101, 0, 0,
19, 2, 0, 0, 0, 0, 0,
46, 3, 10200, 0, 101, 102, 0,
46, 0, 10201, 0, 0, 0, 0,
2, 1, 1, 0, 100, 99, 0,
5, 2, 0, 0, 100, 0, 0,
6, 1, 0, 0, 99, 0, 0,
2, 1, 2, 0, 101, 99, 0,
5, 1, 0, 0, 99, 0, 0,
5, 1, 0, 0, 101, 0, 0,
5, 2, 0, 0, 101, 0, 0,
2, 3, 0, 0, 101, 3, 0,
5, 2, 0, 0, 101, 0, 0,
2, 3, 0, 0, 101, 1, 0,
5, 2, 0, 0, 101, 0, 0,
2, 3, 0, 0, 101, 2, 0,
5, 2, 0, 0, 101, 0, 0,
2, 3, 0, 0, 101, 0, 0,
5, 2, 0, 0, 101, 0, 0,
7, 1, 1, 3, 102, 98, 100,
2, 3, 2, 0, 101, 102, 0,
5, 2, 0, 0, 100, 0, 0,
5, 2, 0, 0, 101, 0, 0,
2, 3, 3, 0, 101, 100, 0,
5, 2, 0, 0, 100, 0, 0,
5, 2, 0, 0, 101, 0, 0,
2, 3, 0, 0, 101, 0, 0,
19, 2, 0, 0, 0, 0, 0,
46, 3, 10201, 0, 101, 102, 0,
46, 0, 10202, 0, 0, 0, 0,
2, 1, 1, 0, 100, 99, 0,
5, 2, 0, 0, 100, 0, 0,
6, 1, 0, 0, 99, 0, 0,
2, 1, 2, 0, 101, 99, 0,
5, 1, 0, 0, 99, 0, 0,
5, 1, 0, 0, 101, 0, 0,
5, 2, 0, 0, 101, 0, 0,
2, 3, 0, 0, 101, 3, 0,
5, 2, 0, 0, 101, 0, 0,
2, 3, 0, 0, 101, 2, 0,
5, 2, 0, 0, 101, 0, 0,
2, 3, 0, 0, 101, 1, 0,
5, 2, 0, 0, 101, 0, 0,
2, 3, 0, 0, 101, 0, 0,
5, 2, 0, 0, 101, 0, 0,
7, 1, 1, 3, 102, 98, 100,
2, 3, 2, 0, 101, 102, 0,
5, 2, 0, 0, 100, 0, 0,
5, 2, 0, 0, 101, 0, 0,
2, 3, 3, 0, 101, 100, 0,
5, 2, 0, 0, 100, 0, 0,
5, 2, 0, 0, 101, 0, 0,
2, 3, 0, 0, 101, 0, 0,
19, 2, 0, 0, 0, 0, 0,
46, 3, 10202, 0, 101, 102, 0,
46, 0, 10203, 0, 0, 0, 0,
2, 1, 1, 0, 100, 99, 0,
5, 2, 0, 0, 100, 0, 0,
6, 1, 0, 0, 99, 0, 0,
2, 1, 2, 0, 101, 99, 0,
5, 1, 0, 0, 99, 0, 0,
5, 1, 0, 0, 101, 0, 0,
5, 2, 0, 0, 101, 0, 0,
2, 3, 0, 0, 101, 3, 0,
5, 2, 0, 0, 101, 0, 0,
2, 3, 0, 0, 101, 2, 0,
5, 2, 0, 0, 101, 0, 0,
2, 3, 0, 0, 101, 2, 0,
5, 2, 0, 0, 101, 0, 0,
2, 3, 0, 0, 101, 0, 0,
5, 2, 0, 0, 101, 0, 0,
7, 1, 1, 3, 102, 98, 100,
2, 3, 2, 0, 101, 102, 0,
5, 2, 0, 0, 100, 0, 0,
5, 2, 0, 0, 101, 0, 0,
2, 3, 3, 0, 101, 100, 0,
5, 2, 0, 0, 100, 0, 0,
5, 2, 0, 0, 101, 0, 0,
2, 3, 0, 0, 101, 0, 0,
19, 2, 0, 0, 0, 0, 0,
46, 3, 10203, 0, 101, 102, 0,
46, 0, 10210, 0, 0, 0, 0,
2, 1, 1, 0, 100, 99, 0,
5, 2, 0, 0, 100, 0, 0,
6, 1, 0, 0, 99, 0, 0,
2, 1, 2, 0, 101, 99, 0,
5, 1, 0, 0, 99, 0, 0,
5, 1, 0, 0, 101, 0, 0,
5, 2, 0, 0, 101, 0, 0,
2, 3, 0, 0, 101, 2, 0,
5, 2, 0, 0, 101, 0, 0,
2, 3, 0, 0, 101, 1, 0,
5, 2, 0, 0, 101, 0, 0,
2, 3, 0, 0, 101, 2, 0,
5, 2, 0, 0, 101, 0, 0,
2, 3, 0, 0, 101, 0, 0,
5, 2, 0, 0, 101, 0, 0,
7, 1, 1, 3, 102, 98, 100,
2, 3, 2, 0, 101, 102, 0,
5, 2, 0, 0, 100, 0, 0,
5, 2, 0, 0, 101, 0, 0,
2, 3, 0, 0, 101, 99, 0,
5, 2, 0, 0, 101, 0, 0,
2, 3, 0, 0, 101, 0, 0,
19, 2, 0, 0, 0, 0, 0,
46, 2, 10210, 0, 0, 0, 0,
46, 0, 10211, 0, 0, 0, 0,
2, 1, 1, 0, 100, 99, 0,
5, 2, 0, 0, 100, 0, 0,
6, 1, 0, 0, 99, 0, 0,
2, 1, 2, 0, 101, 99, 0,
5, 1, 0, 0, 99, 0, 0,
5, 1, 0, 0, 101, 0, 0,
5, 2, 0, 0, 101, 0, 0,
2, 3, 0, 0, 101, 2, 0,
5, 2, 0, 0, 101, 0, 0,
2, 3, 0, 0, 101, 1, 0,
5, 2, 0, 0, 101, 0, 0,
2, 3, 0, 0, 101, 2, 0,
5, 2, 0, 0, 101, 0, 0,
2, 3, 0, 0, 101, 0, 0,
5, 2, 0, 0, 101, 0, 0,
7, 1, 1, 3, 102, 98, 100,
2, 3, 2, 0, 101, 102, 0,
5, 2, 0, 0, 100, 0, 0,
5, 2, 0, 0, 101, 0, 0,
2, 3, 0, 0, 101, 99, 0,
5, 2, 0, 0, 101, 0, 0,
2, 3, 0, 0, 101, 0, 0,
5, 2, 0, 0, 101, 0, 0,
2, 3, 0, 0, 101, 6, 0,
5, 2, 0, 0, 101, 0, 0,
2, 3, 0, 0, 101, 1, 0,
5, 2, 0, 0, 101, 0, 0,
2, 3, 0, 0, 101, 0, 0,
5, 2, 0, 0, 101, 0, 0,
2, 3, 0, 0, 101, 0, 0,
5, 2, 0, 0, 101, 0, 0,
2, 3, 0, 0, 101, 99, 0,
5, 2, 0, 0, 101, 0, 0,
2, 3, 0, 0, 101, 0, 0,
5, 2, 0, 0, 101, 0, 0,
2, 3, 0, 0, 101, 0, 0,
19, 2, 0, 0, 0, 0, 0,
46, 0, 10211, 0, 0, 0, 0,
46, 0, 10212, 0, 0, 0, 0,
2, 1, 1, 0, 100, 99, 0,
5, 2, 0, 0, 100, 0, 0,
6, 1, 0, 0, 99, 0, 0,
2, 1, 2, 0, 101, 99, 0,
5, 1, 0, 0, 99, 0, 0,
5, 1, 0, 0, 101, 0, 0,
5, 2, 0, 0, 101, 0, 0,
2, 3, 0, 0, 101, 2, 0,
5, 2, 0, 0, 101, 0, 0,
2, 3, 0, 0, 101, 2, 0,
5, 2, 0, 0, 101, 0, 0,
2, 3, 0, 0, 101, 2, 0,
5, 2, 0, 0, 101, 0, 0,
2, 3, 0, 0, 101, 0, 0,
5, 2, 0, 0, 101, 0, 0,
7, 1, 1, 3, 102, 98, 100,
2, 3, 2, 0, 101, 102, 0,
5, 2, 0, 0, 100, 0, 0,
5, 2, 0, 0, 101, 0, 0,
2, 3, 0, 0, 101, 99, 0,
5, 2, 0, 0, 101, 0, 0,
2, 3, 0, 0, 101, 0, 0,
19, 2, 0, 0, 0, 0, 0,
46, 3, 10212, 0, 101, 6, 0,
46, 0, 10250, 0, 0, 0, 0,
2, 1, 1, 0, 100, 99, 0,
5, 2, 0, 0, 100, 0, 0,
6, 1, 0, 0, 99, 0, 0,
2, 1, 2, 0, 101, 99, 0,
5, 1, 0, 0, 99, 0, 0,
5, 1, 0, 0, 101, 0, 0,
5, 2, 0, 0, 101, 0, 0,
2, 3, 0, 0, 101, 4, 0,
5, 2, 0, 0, 101, 0, 0,
2, 3, 0, 0, 101, 2, 0,
5, 2, 0, 0, 101, 0, 0,
2, 3, 0, 0, 101, 1, 0,
5, 2, 0, 0, 101, 0, 0,
2, 3, 0, 0, 101, 0, 0,
5, 2, 0, 0, 101, 0, 0,
7, 1, 1, 3, 102, 98, 100,
2, 3, 2, 0, 101, 102, 0,
5, 2, 0, 0, 100, 0, 0,
5, 2, 0, 0, 101, 0, 0,
7, 1, 1, 3, 102, 98, 100,
2, 3, 2, 0, 101, 102, 0,
5, 2, 0, 0, 100, 0, 0,
5, 2, 0, 0, 101, 0, 0,
2, 3, 0, 0, 101, 0, 0,
19, 2, 0, 0, 0, 0, 0,
46, 3, 10250, 0, 101, 1, 0,
46, 0, 10500, 0, 0, 0, 0,
2, 1, 1, 0, 100, 99, 0,
5, 2, 0, 0, 100, 0, 0,
6, 1, 0, 0, 99, 0, 0,
2, 1, 2, 0, 101, 99, 0,
5, 1, 0, 0, 99, 0, 0,
5, 1, 0, 0, 101, 0, 0,
5, 2, 0, 0, 101, 0, 0,
2, 3, 0, 0, 101, 27, 0,
5, 2, 0, 0, 101, 0, 0,
2, 3, 0, 0, 101, 0, 0,
5, 2, 0, 0, 101, 0, 0,
2, 3, 0, 0, 101, 1, 0,
5, 2, 0, 0, 101, 0, 0,
2, 3, 0, 0, 101, 0, 0,
5, 2, 0, 0, 101, 0, 0,
2, 3, 0, 0, 101, -142857, 0,
5, 2, 0, 0, 101, 0, 0,
7, 1, 1, 3, 102, 98, 100,
2, 3, 2, 0, 101, 102, 0,
5, 2, 0, 0, 100, 0, 0,
5, 2, 0, 0, 101, 0, 0,
2, 3, 0, 0, 101, 0, 0,
19, 2, 0, 0, 0, 0, 0,
46, 3, 10500, 0, 101, 0, 0,
46, 0, 10600, 0, 0, 0, 0,
2, 1, 1, 0, 100, 99, 0,
5, 2, 0, 0, 100, 0, 0,
6, 1, 0, 0, 99, 0, 0,
2, 1, 2, 0, 101, 99, 0,
5, 1, 0, 0, 99, 0, 0,
5, 1, 0, 0, 101, 0, 0,
5, 2, 0, 0, 101, 0, 0,
2, 3, 0, 0, 101, 20, 0,
5, 2, 0, 0, 101, 0, 0,
2, 3, 0, 0, 101, 0, 0,
5, 2, 0, 0, 101, 0, 0,
2, 3, 0, 0, 101, 0, 0,
5, 2, 0, 0, 101, 0, 0,
2, 3, 0, 0, 101, 0, 0,
5, 2, 0, 0, 101, 0, 0,
2, 3, 0, 0, 101, -285714, 0,
5, 2, 0, 0, 101, 0, 0,
2, 3, 0, 0, 101, 0, 0,
5, 2, 0, 0, 101, 0, 0,
2, 3, 0, 0, 101, 0, 0,
2, 1, 2, 0, 102, 101, 0,
2, 1, 0, 0, 103, 1, 0,
8, 1, 1, 0, 102, 102, 2,
27, 0, 2, 0, 4, 102, -142857,
8, 1, 1, 0, 102, 102, 7,
5, 1, 0, 0, 103, 0, 0,
21, 0, 0, 0, 3, 0, 0,
2, 2, 1, 0, 102, 103, 0,
19, 2, 0, 0, 0, 0, 0,
46, 3, 10600, 0, 101, 0, 0,
46, 0, 10700, 0, 0, 0, 0,
2, 1, 1, 0, 100, 99, 0,
5, 2, 0, 0, 100, 0, 0,
6, 1, 0, 0, 99, 0, 0,
2, 1, 2, 0, 101, 99, 0,
5, 1, 0, 0, 99, 0, 0,
5, 1, 0, 0, 101, 0, 0,
2, 1, 2, 0, 102, 101, 0,
2, 1, 0, 0, 103, 1, 0,
8, 1, 1, 0, 102, 102, 2,
27, 0, 2, 0, 4, 102, -285714,
8, 1, 1, 0, 102, 102, 7,
5, 1, 0, 0, 103, 0, 0,
21, 0, 0, 0, 3, 0, 0,
2, 2, 1, 0, 102, 103, 0,
19, 2, 0, 0, 0, 0, 0,
46, 3, 10700, 0, 101, -285714, 0,
46, 0, 10800, 0, 0, 0, 0,
2, 1, 1, 0, 100, 99, 0,
5, 2, 0, 0, 100, 0, 0,
6, 1, 0, 0, 99, 0, 0,
2, 1, 2, 0, 101, 99, 0,
5, 1, 0, 0, 99, 0, 0,
5, 1, 0, 0, 101, 0, 0,
2, 1, 2, 0, 102, 101, 0,
2, 1, 0, 0, 103, 1, 0,
8, 1, 1, 0, 102, 102, 2,
27, 0, 2, 0, 4, 102, -142857,
8, 1, 1, 0, 102, 102, 7,
5, 1, 0, 0, 103, 0, 0,
21, 0, 0, 0, 3, 0, 0,
2, 2, 1, 0, 102, 103, 0,
5, 2, 0, 0, 102, 0, 0,
5, 2, 0, 0, 101, 0, 0,
2, 3, 0, 0, 101, 21, 0,
5, 2, 0, 0, 101, 0, 0,
2, 3, 0, 0, 101, 0, 0,
5, 2, 0, 0, 101, 0, 0,
2, 3, 0, 0, 101, 0, 0,
5, 2, 0, 0, 101, 0, 0,
2, 3, 0, 0, 101, 0, 0,
5, 2, 0, 0, 101, 0, 0,
2, 3, 1, 0, 101, 103, 0,
5, 2, 0, 0, 101, 0, 0,
2, 3, 0, 0, 101, 0, 0,
5, 2, 0, 0, 101, 0, 0,
2, 3, 0, 0, 101, 0, 0,
19, 2, 0, 0, 0, 0, 0,
46, 2, 10800, 0, 101, 0, 0,
46, 0, 10900, 0, 0, 0, 0,
2, 1, 1, 0, 100, 99, 0,
5, 2, 0, 0, 100, 0, 0,
6, 1, 0, 0, 99, 0, 0,
2, 1, 2, 0, 101, 99, 0,
5, 1, 0, 0, 99, 0, 0,
5, 1, 0, 0, 101, 0, 0,
5, 2, 0, 0, 101, 0, 0,
2, 3, 0, 0, 101, 19, 0,
5, 2, 0, 0, 101, 0, 0,
2, 3, 0, 0, 101, 1, 0,
5, 2, 0, 0, 101, 0, 0,
2, 3, 0, 0, 101, 0, 0,
5, 2, 0, 0, 101, 0, 0,
2, 3, 0, 0, 101, 0, 0,
5, 2, 0, 0, 101, 0, 0,
7, 1, 1, 3, 103, 98, 100,
2, 3, 2, 0, 101, 103, 0,
5, 2, 0, 0, 100, 0, 0,
5, 2, 0, 0, 101, 0, 0,
2, 3, 0, 0, 101, 0, 0,
5, 2, 0, 0, 101, 0, 0,
2, 3, 0, 0, 101, 0, 0,
19, 2, 0, 0, 0, 0, 0,
46, 2, 10900, 0, 101, 0, 0,
46, 0, 11000, 0, 0, 0, 0,
2, 1, 1, 0, 100, 99, 0,
5, 2, 0, 0, 100, 0, 0,
6, 1, 0, 0, 99, 0, 0,
2, 1, 2, 0, 101, 99, 0,
5, 1, 0, 0, 99, 0, 0,
5, 1, 0, 0, 101, 0, 0,
5, 2, 0, 0, 101, 0, 0,
2, 3, 0, 0, 101, 13, 0,
5, 2, 0, 0, 101, 0, 0,
2, 3, 0, 0, 101, 0, 0,
5, 2, 0, 0, 101, 0, 0,
2, 3, 0, 0, 101, 0, 0,
5, 2, 0, 0, 101, 0, 0,
2, 3, 0, 0, 101, 0, 0,
5, 2, 0, 0, 101, 0, 0,
2, 3, 3, 0, 101, 100, 0,
5, 2, 0, 0, 100, 0, 0,
5, 2, 0, 0, 101, 0, 0,
2, 3, 0, 0, 101, 0, 0,
5, 2, 0, 0, 101, 0, 0,
2, 3, 0, 0, 101, 0, 0,
19, 2, 0, 0, 0, 0, 0,
46, 2, 11000, 0, 0, 0, 0,
46, 0, 11001, 0, 0, 0, 0,
2, 1, 1, 0, 100, 99, 0,
5, 2, 0, 0, 100, 0, 0,
6, 1, 0, 0, 99, 0, 0,
2, 1, 2, 0, 101, 99, 0,
5, 1, 0, 0, 99, 0, 0,
5, 1, 0, 0, 101, 0, 0,
5, 2, 0, 0, 101, 0, 0,
2, 3, 0, 0, 101, 13, 0,
5, 2, 0, 0, 101, 0, 0,
2, 3, 0, 0, 101, 1, 0,
5, 2, 0, 0, 101, 0, 0,
2, 3, 0, 0, 101, 0, 0,
5, 2, 0, 0, 101, 0, 0,
2, 3, 0, 0, 101, 0, 0,
5, 2, 0, 0, 101, 0, 0,
7, 1, 1, 3, 102, 98, 100,
2, 3, 2, 0, 101, 102, 0,
5, 2, 0, 0, 100, 0, 0,
5, 2, 0, 0, 101, 0, 0,
2, 3, 0, 0, 101, 0, 0,
5, 2, 0, 0, 101, 0, 0,
2, 3, 0, 0, 101, 0, 0,
19, 2, 0, 0, 0, 0, 0,
46, 2, 11001, 0, 101, 0, 0,
46, 0, 11010, 0, 0, 0, 0,
2, 1, 1, 0, 100, 99, 0,
5, 2, 0, 0, 100, 0, 0,
6, 1, 0, 0, 99, 0, 0,
2, 1, 2, 0, 101, 99, 0,
5, 1, 0, 0, 99, 0, 0,
5, 1, 0, 0, 101, 0, 0,
5, 2, 0, 0, 101, 0, 0,
2, 3, 0, 0, 101, 12, 0,
5, 2, 0, 0, 101, 0, 0,
2, 3, 0, 0, 101, 1, 0,
5, 2, 0, 0, 101, 0, 0,
2, 3, 0, 0, 101, 0, 0,
5, 2, 0, 0, 101, 0, 0,
2, 3, 0, 0, 101, 0, 0,
5, 2, 0, 0, 101, 0, 0,
7, 1, 1, 3, 103, 98, 100,
2, 3, 2, 0, 101, 103, 0,
5, 2, 0, 0, 100, 0, 0,
5, 2, 0, 0, 101, 0, 0,
2, 3, 0, 0, 101, 0, 0,
5, 2, 0, 0, 101, 0, 0,
2, 3, 0, 0, 101, 0, 0,
19, 2, 0, 0, 0, 0, 0,
46, 2, 11010, 0, 101, 0, 0,
46, 0, 11100, 0, 0, 0, 0,
2, 1, 1, 0, 100, 99, 0,
5, 2, 0, 0, 100, 0, 0,
6, 1, 0, 0, 99, 0, 0,
2, 1, 2, 0, 101, 99, 0,
5, 1, 0, 0, 99, 0, 0,
5, 1, 0, 0, 101, 0, 0,
5, 2, 0, 0, 101, 0, 0,
2, 3, 0, 0, 101, 5, 0,
5, 2, 0, 0, 101, 0, 0,
2, 3, 0, 0, 101, 1, 0,
5, 2, 0, 0, 101, 0, 0,
2, 3, 0, 0, 101, 0, 0,
5, 2, 0, 0, 101, 0, 0,
2, 3, 0, 0, 101, 0, 0,
5, 2, 0, 0, 101, 0, 0,
2, 3, 0, 0, 101, 99, 0,
5, 2, 0, 0, 101, 0, 0,
2, 3, 0, 0, 101, 0, 0,
5, 2, 0, 0, 101, 0, 0,
2, 3, 0, 0, 101, 0, 0,
5, 2, 0, 0, 101, 0, 0,
2, 3, 0, 0, 101, 2, 0,
5, 2, 0, 0, 101, 0, 0,
2, 3, 0, 0, 101, 2, 0,
5, 2, 0, 0, 101, 0, 0,
2, 3, 0, 0, 101, 0, 0,
5, 2, 0, 0, 101, 0, 0,
2, 3, 0, 0, 101, 0, 0,
5, 2, 0, 0, 101, 0, 0,
2, 3, 0, 0, 101, 99, 0,
5, 2, 0, 0, 101, 0, 0,
2, 3, 3, 0, 101, 100, 0,
5, 2, 0, 0, 100, 0, 0,
5, 2, 0, 0, 101, 0, 0,
2, 3, 0, 0, 101, 0, 0,
19, 2, 0, 0, 0, 0, 0,
46, 2, 11100, 0, 0, 0, 0,
46, 0, 11150, 0, 0, 0, 0,
2, 1, 1, 0, 100, 99, 0,
5, 2, 0, 0, 100, 0, 0,
6, 1, 0, 0, 99, 0, 0,
2, 1, 2, 0, 101, 99, 0,
5, 1, 0, 0, 99, 0, 0,
5, 1, 0, 0, 101, 0, 0,
5, 2, 0, 0, 101, 0, 0,
2, 3, 0, 0, 101, 5, 0,
5, 2, 0, 0, 101, 0, 0,
2, 3, 0, 0, 101, 1, 0,
5, 2, 0, 0, 101, 0, 0,
2, 3, 0, 0, 101, 0, 0,
5, 2, 0, 0, 101, 0, 0,
2, 3, 0, 0, 101, 0, 0,
5, 2, 0, 0, 101, 0, 0,
2, 3, 0, 0, 101, 99, 0,
5, 2, 0, 0, 101, 0, 0,
2, 3, 0, 0, 101, 0, 0,
5, 2, 0, 0, 101, 0, 0,
2, 3, 0, 0, 101, 0, 0,
5, 2, 0, 0, 101, 0, 0,
2, 3, 0, 0, 101, 2, 0,
5, 2, 0, 0, 101, 0, 0,
2, 3, 0, 0, 101, 2, 0,
5, 2, 0, 0, 101, 0, 0,
2, 3, 0, 0, 101, 1, 0,
5, 2, 0, 0, 101, 0, 0,
2, 3, 0, 0, 101, 0, 0,
5, 2, 0, 0, 101, 0, 0,
2, 3, 0, 0, 101, 99, 0,
5, 2, 0, 0, 101, 0, 0,
7, 1, 1, 3, 102, 98, 100,
2, 3, 2, 0, 101, 102, 0,
5, 2, 0, 0, 100, 0, 0,
5, 2, 0, 0, 101, 0, 0,
2, 3, 0, 0, 101, 0, 0,
19, 2, 0, 0, 0, 0, 0,
46, 0, 11150, 0, 0, 0, 0,
46, 0, 11200, 0, 0, 0, 0,
2, 1, 1, 0, 100, 99, 0,
5, 2, 0, 0, 100, 0, 0,
6, 1, 0, 0, 99, 0, 0,
2, 1, 2, 0, 101, 99, 0,
5, 1, 0, 0, 99, 0, 0,
5, 1, 0, 0, 101, 0, 0,
5, 2, 0, 0, 101, 0, 0,
2, 3, 0, 0, 101, 2, 0,
5, 2, 0, 0, 101, 0, 0,
2, 3, 0, 0, 101, 2, 0,
5, 2, 0, 0, 101, 0, 0,
2, 3, 0, 0, 101, 0, 0,
5, 2, 0, 0, 101, 0, 0,
2, 3, 0, 0, 101, 0, 0,
5, 2, 0, 0, 101, 0, 0,
2, 3, 0, 0, 101, 99, 0,
5, 2, 0, 0, 101, 0, 0,
2, 3, 3, 0, 101, 100, 0,
5, 2, 0, 0, 100, 0, 0,
5, 2, 0, 0, 101, 0, 0,
2, 3, 0, 0, 101, 0, 0,
19, 2, 0, 0, 0, 0, 0,
46, 2, 11200, 0, 101, 0, 0,
46, 0, 11250, 0, 0, 0, 0,
2, 1, 1, 0, 100, 99, 0,
5, 2, 0, 0, 100, 0, 0,
6, 1, 0, 0, 99, 0, 0,
2, 1, 2, 0, 101, 99, 0,
5, 1, 0, 0, 99, 0, 0,
5, 1, 0, 0, 101, 0, 0,
5, 2, 0, 0, 101, 0, 0,
2, 3, 0, 0, 101, 2, 0,
5, 2, 0, 0, 101, 0, 0,
2, 3, 0, 0, 101, 2, 0,
5, 2, 0, 0, 101, 0, 0,
2, 3, 0, 0, 101, 1, 0,
5, 2, 0, 0, 101, 0, 0,
2, 3, 0, 0, 101, 0, 0,
5, 2, 0, 0, 101, 0, 0,
2, 3, 0, 0, 101, 99, 0,
5, 2, 0, 0, 101, 0, 0,
7, 1, 1, 3, 102, 98, 100,
2, 3, 2, 0, 101, 102, 0,
5, 2, 0, 0, 100, 0, 0,
5, 2, 0, 0, 101, 0, 0,
2, 3, 0, 0, 101, 0, 0,
19, 2, 0, 0, 0, 0, 0,
46, 3, 11250, 0, 101, 2, 0,
46, 0, 11300, 0, 0, 0, 0,
2, 1, 1, 0, 100, 99, 0,
5, 2, 0, 0, 100, 0, 0,
6, 1, 0, 0, 99, 0, 0,
2, 1, 2, 0, 101, 99, 0,
5, 1, 0, 0, 99, 0, 0,
5, 1, 0, 0, 101, 0, 0,
2, 1, 3, 0, 102, 100, 0,
5, 2, 0, 0, 100, 0, 0,
27, 0, 1, 0, 6, 102, 0,
27, 0, 1, 0, 7, 102, 1,
27, 0, 1, 0, 8, 102, 2,
27, 0, 1, 0, 9, 102, 3,
2, 1, 0, 0, 102, 31, 0,
20, 0, 0, 0, 8, 0, 0,
2, 1, 0, 0, 102, 27, 0,
20, 0, 0, 0, 6, 0, 0,
2, 1, 0, 0, 102, 28, 0,
20, 0, 0, 0, 4, 0, 0,
2, 1, 0, 0, 102, 29, 0,
20, 0, 0, 0, 2, 0, 0,
2, 1, 0, 0, 102, 30, 0,
5, 2, 0, 0, 101, 0, 0,
2, 3, 1, 0, 101, 102, 0,
5, 2, 0, 0, 101, 0, 0,
2, 3, 0, 0, 101, 0, 0,
5, 2, 0, 0, 101, 0, 0,
2, 3, 0, 0, 101, 1, 0,
5, 2, 0, 0, 101, 0, 0,
2, 3, 0, 0, 101, 0, 0,
5, 2, 0, 0, 101, 0, 0,
2, 3, 0, 0, 101, 3, 0,
5, 2, 0, 0, 101, 0, 0,
7, 1, 1, 3, 103, 98, 100,
2, 3, 2, 0, 101, 103, 0,
5, 2, 0, 0, 100, 0, 0,
5, 2, 0, 0, 101, 0, 0,
2, 3, 3, 0, 101, 100, 0,
5, 2, 0, 0, 100, 0, 0,
5, 2, 0, 0, 101, 0, 0,
2, 3, 0, 0, 101, 2, 0,
5, 2, 0, 0, 101, 0, 0,
2, 3, 0, 0, 101, 1, 0,
5, 2, 0, 0, 101, 0, 0,
2, 3, 0, 0, 101, 0, 0,
5, 2, 0, 0, 101, 0, 0,
2, 3, 0, 0, 101, 0, 0,
5, 2, 0, 0, 101, 0, 0,
7, 1, 1, 3, 103, 98, 100,
2, 3, 2, 0, 101, 103, 0,
5, 2, 0, 0, 100, 0, 0,
5, 2, 0, 0, 101, 0, 0,
2, 3, 0, 0, 101, 0, 0,
5, 2, 0, 0, 101, 0, 0,
2, 3, 0, 0, 101, 0, 0,
5, 2, 0, 0, 101, 0, 0,
2, 3, 0, 0, 101, 20, 0,
5, 2, 0, 0, 101, 0, 0,
2, 3, 0, 0, 101, 0, 0,
5, 2, 0, 0, 101, 0, 0,
2, 3, 0, 0, 101, 0, 0,
5, 2, 0, 0, 101, 0, 0,
2, 3, 0, 0, 101, 0, 0,
5, 2, 0, 0, 101, 0, 0,
2, 3, 0, 0, 101, 2, 0,
5, 2, 0, 0, 101, 0, 0,
2, 3, 0, 0, 101, 0, 0,
5, 2, 0, 0, 101, 0, 0,
2, 3, 0, 0, 101, 0, 0,
5, 2, 0, 0, 101, 0, 0,
2, 3, 0, 0, 101, 2, 0,
5, 2, 0, 0, 101, 0, 0,
2, 3, 0, 0, 101, 1, 0,
5, 2, 0, 0, 101, 0, 0,
2, 3, 0, 0, 101, 0, 0,
5, 2, 0, 0, 101, 0, 0,
2, 3, 0, 0, 101, 0, 0,
5, 2, 0, 0, 101, 0, 0,
2, 3, 2, 0, 101, 103, 0,
5, 2, 0, 0, 101, 0, 0,
2, 3, 0, 0, 101, 1, 0,
5, 2, 0, 0, 101, 0, 0,
2, 3, 0, 0, 101, 0, 0,
19, 2, 0, 0, 0, 0, 0,
46, 0, 11300, 0, 0, 0, 0,
46, 0, 11400, 0, 0, 0, 0,
2, 1, 1, 0, 100, 99, 0,
5, 2, 0, 0, 100, 0, 0,
6, 1, 0, 0, 99, 0, 0,
2, 1, 2, 0, 101, 99, 0,
5, 1, 0, 0, 99, 0, 0,
5, 1, 0, 0, 101, 0, 0,
2, 1, 3, 0, 102, 100, 0,
5, 2, 0, 0, 100, 0, 0,
27, 0, 1, 0, 5, 102, 0,
27, 0, 1, 0, 6, 102, 1,
27, 0, 1, 0, 7, 102, 2,
2, 1, 0, 0, 102, 10, 0,
20, 0, 0, 0, 6, 0, 0,
2, 1, 0, 0, 102, 7, 0,
20, 0, 0, 0, 4, 0, 0,
2, 1, 0, 0, 102, 8, 0,
20, 0, 0, 0, 2, 0, 0,
2, 1, 0, 0, 102, 9, 0,
5, 2, 0, 0, 101, 0, 0,
2, 3, 1, 0, 101, 102, 0,
5, 2, 0, 0, 101, 0, 0,
2, 3, 0, 0, 101, 1, 0,
5, 2, 0, 0, 101, 0, 0,
2, 3, 0, 0, 101, 1, 0,
5, 2, 0, 0, 101, 0, 0,
2, 3, 0, 0, 101, 0, 0,
5, 2, 0, 0, 101, 0, 0,
2, 3, 3, 0, 101, 100, 0,
5, 2, 0, 0, 101, 0, 0,
2, 3, 3, 0, 101, 100, 0,
5, 2, 0, 0, 100, 0, 0,
5, 2, 0, 0, 101, 0, 0,
2, 3, 3, 0, 101, 100, 0,
5, 2, 0, 0, 100, 0, 0,
19, 2, 0, 0, 0, 0, 0,
46, 2, 11400, 0, 101, 0, 0,
46, 0, 11401, 0, 0, 0, 0,
2, 1, 1, 0, 100, 99, 0,
5, 2, 0, 0, 100, 0, 0,
6, 1, 0, 0, 99, 0, 0,
2, 1, 2, 0, 101, 99, 0,
5, 1, 0, 0, 99, 0, 0,
5, 1, 0, 0, 101, 0, 0,
2, 1, 3, 0, 102, 100, 0,
5, 2, 0, 0, 100, 0, 0,
27, 0, 1, 0, 5, 102, 0,
27, 0, 1, 0, 6, 102, 1,
27, 0, 1, 0, 7, 102, 2,
2, 1, 0, 0, 102, 10, 0,
20, 0, 0, 0, 6, 0, 0,
2, 1, 0, 0, 102, 7, 0,
20, 0, 0, 0, 4, 0, 0,
2, 1, 0, 0, 102, 8, 0,
20, 0, 0, 0, 2, 0, 0,
2, 1, 0, 0, 102, 9, 0,
5, 2, 0, 0, 101, 0, 0,
2, 3, 1, 0, 101, 102, 0,
5, 2, 0, 0, 101, 0, 0,
2, 3, 0, 0, 101, 1, 0,
5, 2, 0, 0, 101, 0, 0,
2, 3, 0, 0, 101, 1, 0,
5, 2, 0, 0, 101, 0, 0,
2, 3, 0, 0, 101, 1, 0,
5, 2, 0, 0, 101, 0, 0,
2, 3, 3, 0, 101, 100, 0,
5, 2, 0, 0, 101, 0, 0,
2, 3, 3, 0, 101, 100, 0,
5, 2, 0, 0, 100, 0, 0,
5, 2, 0, 0, 101, 0, 0,
7, 1, 1, 3, 103, 98, 100,
2, 3, 2, 0, 101, 103, 0,
5, 2, 0, 0, 100, 0, 0,
19, 2, 0, 0, 0, 0, 0,
46, 3, 11401, 0, 101, 100, 0,
46, 0, 11402, 0, 0, 0, 0,
2, 1, 1, 0, 100, 99, 0,
5, 2, 0, 0, 100, 0, 0,
6, 1, 0, 0, 99, 0, 0,
2, 1, 2, 0, 101, 99, 0,
5, 1, 0, 0, 99, 0, 0,
5, 1, 0, 0, 101, 0, 0,
2, 1, 3, 0, 102, 100, 0,
5, 2, 0, 0, 100, 0, 0,
27, 0, 1, 0, 5, 102, 0,
27, 0, 1, 0, 6, 102, 1,
27, 0, 1, 0, 7, 102, 2,
2, 1, 0, 0, 102, 10, 0,
20, 0, 0, 0, 6, 0, 0,
2, 1, 0, 0, 102, 7, 0,
20, 0, 0, 0, 4, 0, 0,
2, 1, 0, 0, 102, 8, 0,
20, 0, 0, 0, 2, 0, 0,
2, 1, 0, 0, 102, 9, 0,
5, 2, 0, 0, 101, 0, 0,
2, 3, 1, 0, 101, 102, 0,
5, 2, 0, 0, 101, 0, 0,
2, 3, 0, 0, 101, 1, 0,
5, 2, 0, 0, 101, 0, 0,
2, 3, 0, 0, 101, 1, 0,
5, 2, 0, 0, 101, 0, 0,
2, 3, 0, 0, 101, 0, 0,
5, 2, 0, 0, 101, 0, 0,
7, 1, 1, 3, 103, 98, 100,
2, 3, 2, 0, 101, 103, 0,
5, 2, 0, 0, 101, 0, 0,
7, 1, 1, 3, 103, 98, 100,
2, 3, 2, 0, 101, 103, 0,
5, 2, 0, 0, 100, 0, 0,
5, 2, 0, 0, 101, 0, 0,
2, 3, 3, 0, 101, 100, 0,
5, 2, 0, 0, 100, 0, 0,
19, 2, 0, 0, 0, 0, 0,
46, 2, 11402, 0, 100, 0, 0,
46, 0, 11403, 0, 0, 0, 0,
2, 1, 1, 0, 100, 99, 0,
5, 2, 0, 0, 100, 0, 0,
6, 1, 0, 0, 99, 0, 0,
2, 1, 2, 0, 101, 99, 0,
5, 1, 0, 0, 99, 0, 0,
5, 1, 0, 0, 101, 0, 0,
2, 1, 3, 0, 102, 100, 0,
5, 2, 0, 0, 100, 0, 0,
27, 0, 1, 0, 5, 102, 0,
27, 0, 1, 0, 6, 102, 1,
27, 0, 1, 0, 7, 102, 2,
2, 1, 0, 0, 102, 10, 0,
20, 0, 0, 0, 6, 0, 0,
2, 1, 0, 0, 102, 7, 0,
20, 0, 0, 0, 4, 0, 0,
2, 1, 0, 0, 102, 8, 0,
20, 0, 0, 0, 2, 0, 0,
2, 1, 0, 0, 102, 9, 0,
5, 2, 0, 0, 101, 0, 0,
2, 3, 1, 0, 101, 102, 0,
5, 2, 0, 0, 101, 0, 0,
2, 3, 0, 0, 101, 1, 0,
5, 2, 0, 0, 101, 0, 0,
2, 3, 0, 0, 101, 1, 0,
5, 2, 0, 0, 101, 0, 0,
2, 3, 0, 0, 101, 1, 0,
5, 2, 0, 0, 101, 0, 0,
7, 1, 1, 3, 103, 98, 100,
2, 3, 2, 0, 101, 103, 0,
5, 2, 0, 0, 101, 0, 0,
7, 1, 1, 3, 103, 98, 100,
2, 3, 2, 0, 101, 103, 0,
5, 2, 0, 0, 100, 0, 0,
5, 2, 0, 0, 101, 0, 0,
7, 1, 1, 3, 103, 98, 100,
2, 3, 2, 0, 101, 103, 0,
5, 2, 0, 0, 100, 0, 0,
19, 2, 0, 0, 0, 0, 0,
46, 2, 11403, 0, 101, 0, 0,
46, 0, 11450, 0, 0, 0, 0,
2, 1, 1, 0, 100, 99, 0,
5, 2, 0, 0, 100, 0, 0,
6, 1, 0, 0, 99, 0, 0,
2, 1, 2, 0, 101, 99, 0,
5, 1, 0, 0, 99, 0, 0,
5, 1, 0, 0, 101, 0, 0,
2, 1, 3, 0, 102, 100, 0,
5, 2, 0, 0, 100, 0, 0,
27, 0, 1, 0, 3, 102, 0,
2, 1, 0, 0, 102, 6, 0,
20, 0, 0, 0, 2, 0, 0,
2, 1, 0, 0, 102, 5, 0,
5, 2, 0, 0, 101, 0, 0,
2, 3, 1, 0, 101, 102, 0,
5, 2, 0, 0, 101, 0, 0,
2, 3, 0, 0, 101, 1, 0,
5, 2, 0, 0, 101, 0, 0,
2, 3, 0, 0, 101, 0, 0,
5, 2, 0, 0, 101, 0, 0,
2, 3, 0, 0, 101, 0, 0,
5, 2, 0, 0, 101, 0, 0,
2, 3, 3, 0, 101, 100, 0,
5, 2, 0, 0, 100, 0, 0,
5, 2, 0, 0, 101, 0, 0,
2, 3, 0, 0, 101, 0, 0,
5, 2, 0, 0, 101, 0, 0,
2, 3, 0, 0, 101, 0, 0,
19, 2, 0, 0, 0, 0, 0,
46, 3, 11450, 0, 101, 103, 0,
46, 0, 11451, 0, 0, 0, 0,
2, 1, 1, 0, 100, 99, 0,
5, 2, 0, 0, 100, 0, 0,
6, 1, 0, 0, 99, 0, 0,
2, 1, 2, 0, 101, 99, 0,
5, 1, 0, 0, 99, 0, 0,
5, 1, 0, 0, 101, 0, 0,
2, 1, 3, 0, 102, 100, 0,
5, 2, 0, 0, 100, 0, 0,
27, 0, 1, 0, 3, 102, 0,
2, 1, 0, 0, 102, 6, 0,
20, 0, 0, 0, 2, 0, 0,
2, 1, 0, 0, 102, 5, 0,
5, 2, 0, 0, 101, 0, 0,
2, 3, 1, 0, 101, 102, 0,
5, 2, 0, 0, 101, 0, 0,
2, 3, 0, 0, 101, 1, 0,
5, 2, 0, 0, 101, 0, 0,
2, 3, 0, 0, 101, 0, 0,
5, 2, 0, 0, 101, 0, 0,
2, 3, 0, 0, 101, 0, 0,
5, 2, 0, 0, 101, 0, 0,
7, 1, 1, 3, 103, 98, 100,
2, 3, 2, 0, 101, 103, 0,
5, 2, 0, 0, 100, 0, 0,
5, 2, 0, 0, 101, 0, 0,
2, 3, 0, 0, 101, 0, 0,
5, 2, 0, 0, 101, 0, 0,
2, 3, 0, 0, 101, 0, 0,
19, 2, 0, 0, 0, 0, 0,
46, 2, 11451, 0, 101, 0, 0,
46, 0, 11452, 0, 0, 0, 0,
2, 1, 1, 0, 100, 99, 0,
5, 2, 0, 0, 100, 0, 0,
6, 1, 0, 0, 99, 0, 0,
2, 1, 2, 0, 101, 99, 0,
5, 1, 0, 0, 99, 0, 0,
5, 1, 0, 0, 101, 0, 0,
2, 1, 3, 0, 102, 100, 0,
5, 2, 0, 0, 100, 0, 0,
27, 0, 1, 0, 3, 102, 0,
2, 1, 0, 0, 102, 6, 0,
20, 0, 0, 0, 2, 0, 0,
2, 1, 0, 0, 102, 5, 0,
5, 2, 0, 0, 101, 0, 0,
2, 3, 1, 0, 101, 102, 0,
5, 2, 0, 0, 101, 0, 0,
2, 3, 0, 0, 101, 2, 0,
5, 2, 0, 0, 101, 0, 0,
2, 3, 0, 0, 101, 0, 0,
5, 2, 0, 0, 101, 0, 0,
2, 3, 0, 0, 101, 0, 0,
5, 2, 0, 0, 101, 0, 0,
7, 1, 1, 3, 103, 98, 100,
2, 3, 2, 0, 101, 103, 0,
5, 2, 0, 0, 100, 0, 0,
5, 2, 0, 0, 101, 0, 0,
2, 3, 0, 0, 101, 0, 0,
5, 2, 0, 0, 101, 0, 0,
2, 3, 0, 0, 101, 0, 0,
19, 2, 0, 0, 0, 0, 0,
46, 2, 11452, 0, 101, 0, 0,
46, 0, 11453, 0, 0, 0, 0,
2, 1, 1, 0, 100, 99, 0,
5, 2, 0, 0, 100, 0, 0,
6, 1, 0, 0, 99, 0, 0,
2, 1, 2, 0, 101, 99, 0,
5, 1, 0, 0, 99, 0, 0,
5, 1, 0, 0, 101, 0, 0,
2, 1, 3, 0, 102, 100, 0,
5, 2, 0, 0, 100, 0, 0,
27, 0, 1, 0, 3, 102, 0,
2, 1, 0, 0, 102, 6, 0,
20, 0, 0, 0, 2, 0, 0,
2, 1, 0, 0, 102, 5, 0,
5, 2, 0, 0, 101, 0, 0,
2, 3, 1, 0, 101, 102, 0,
5, 2, 0, 0, 101, 0, 0,
2, 3, 0, 0, 101, 2, 0,
5, 2, 0, 0, 101, 0, 0,
2, 3, 0, 0, 101, 0, 0,
5, 2, 0, 0, 101, 0, 0,
2, 3, 0, 0, 101, 0, 0,
5, 2, 0, 0, 101, 0, 0,
2, 3, 0, 0, 101, 99, 0,
5, 2, 0, 0, 101, 0, 0,
2, 3, 0, 0, 101, 0, 0,
5, 2, 0, 0, 101, 0, 0,
2, 3, 0, 0, 101, 0, 0,
19, 2, 0, 0, 0, 0, 0,
46, 3, 11453, 0, 101, 0, 0,
46, 0, 11350, 0, 0, 0, 0,
2, 1, 1, 0, 100, 99, 0,
5, 2, 0, 0, 100, 0, 0,
6, 1, 0, 0, 99, 0, 0,
2, 1, 2, 0, 101, 99, 0,
5, 1, 0, 0, 99, 0, 0,
5, 1, 0, 0, 101, 0, 0,
2, 1, 3, 0, 102, 100, 0,
5, 2, 0, 0, 100, 0, 0,
27, 0, 1, 0, 6, 102, 0,
27, 0, 1, 0, 7, 102, 1,
27, 0, 1, 0, 8, 102, 2,
27, 0, 1, 0, 9, 102, 3,
2, 1, 0, 0, 102, 31, 0,
20, 0, 0, 0, 8, 0, 0,
2, 1, 0, 0, 102, 27, 0,
20, 0, 0, 0, 6, 0, 0,
2, 1, 0, 0, 102, 28, 0,
20, 0, 0, 0, 4, 0, 0,
2, 1, 0, 0, 102, 29, 0,
20, 0, 0, 0, 2, 0, 0,
2, 1, 0, 0, 102, 30, 0,
5, 2, 0, 0, 101, 0, 0,
2, 3, 1, 0, 101, 102, 0,
5, 2, 0, 0, 101, 0, 0,
2, 3, 0, 0, 101, 0, 0,
5, 2, 0, 0, 101, 0, 0,
2, 3, 0, 0, 101, 1, 0,
5, 2, 0, 0, 101, 0, 0,
2, 3, 0, 0, 101, 1, 0,
5, 2, 0, 0, 101, 0, 0,
2, 3, 0, 0, 101, 3, 0,
5, 2, 0, 0, 101, 0, 0,
7, 1, 1, 3, 103, 98, 100,
2, 3, 2, 0, 101, 103, 0,
5, 2, 0, 0, 100, 0, 0,
5, 2, 0, 0, 101, 0, 0,
7, 1, 1, 3, 103, 98, 100,
2, 3, 2, 0, 101, 103, 0,
5, 2, 0, 0, 100, 0, 0,
5, 2, 0, 0, 101, 0, 0,
2, 3, 0, 0, 101, 2, 0,
5, 2, 0, 0, 101, 0, 0,
2, 3, 0, 0, 101, 1, 0,
5, 2, 0, 0, 101, 0, 0,
2, 3, 0, 0, 101, 0, 0,
5, 2, 0, 0, 101, 0, 0,
2, 3, 0, 0, 101, 0, 0,
5, 2, 0, 0, 101, 0, 0,
7, 1, 1, 3, 103, 98, 100,
2, 3, 2, 0, 101, 103, 0,
5, 2, 0, 0, 100, 0, 0,
5, 2, 0, 0, 101, 0, 0,
2, 3, 0, 0, 101, 0, 0,
5, 2, 0, 0, 101, 0, 0,
2, 3, 0, 0, 101, 0, 0,
5, 2, 0, 0, 101, 0, 0,
2, 3, 0, 0, 101, 20, 0,
5, 2, 0, 0, 101, 0, 0,
2, 3, 0, 0, 101, 0, 0,
5, 2, 0, 0, 101, 0, 0,
2, 3, 0, 0, 101, 0, 0,
5, 2, 0, 0, 101, 0, 0,
2, 3, 0, 0, 101, 0, 0,
5, 2, 0, 0, 101, 0, 0,
2, 3, 0, 0, 101, 2, 0,
5, 2, 0, 0, 101, 0, 0,
2, 3, 0, 0, 101, 0, 0,
5, 2, 0, 0, 101, 0, 0,
2, 3, 0, 0, 101, 0, 0,
5, 2, 0, 0, 101, 0, 0,
2, 3, 0, 0, 101, 2, 0,
5, 2, 0, 0, 101, 0, 0,
2, 3, 0, 0, 101, 1, 0,
5, 2, 0, 0, 101, 0, 0,
2, 3, 0, 0, 101, 0, 0,
5, 2, 0, 0, 101, 0, 0,
2, 3, 0, 0, 101, 0, 0,
5, 2, 0, 0, 101, 0, 0,
2, 3, 2, 0, 101, 103, 0,
5, 2, 0, 0, 101, 0, 0,
2, 3, 0, 0, 101, 1, 0,
5, 2, 0, 0, 101, 0, 0,
2, 3, 0, 0, 101, 0, 0,
19, 2, 0, 0, 0, 0, 0,
46, 0, 11350, 0, 0, 0, 0,
46, 0, 11500, 0, 0, 0, 0,
2, 1, 1, 0, 100, 99, 0,
5, 2, 0, 0, 100, 0, 0,
6, 1, 0, 0, 99, 0, 0,
2, 1, 2, 0, 101, 99, 0,
5, 1, 0, 0, 99, 0, 0,
5, 1, 0, 0, 101, 0, 0,
5, 2, 0, 0, 101, 0, 0,
2, 3, 0, 0, 101, 49, 0,
5, 2, 0, 0, 101, 0, 0,
2, 3, 0, 0, 101, 0, 0,
5, 2, 0, 0, 101, 0, 0,
2, 3, 0, 0, 101, 0, 0,
5, 2, 0, 0, 101, 0, 0,
2, 3, 0, 0, 101, 0, 0,
5, 2, 0, 0, 101, 0, 0,
2, 3, 0, 0, 101, 0, 0,
5, 2, 0, 0, 101, 0, 0,
2, 3, 3, 0, 101, 100, 0,
5, 2, 0, 0, 100, 0, 0,
5, 2, 0, 0, 101, 0, 0,
2, 3, 0, 0, 101, 0, 0,
19, 2, 0, 0, 0, 0, 0,
46, 3, 11500, 0, 101, 102, 0,
46, 0, 11501, 0, 0, 0, 0,
2, 1, 1, 0, 100, 99, 0,
5, 2, 0, 0, 100, 0, 0,
6, 1, 0, 0, 99, 0, 0,
2, 1, 2, 0, 101, 99, 0,
5, 1, 0, 0, 99, 0, 0,
5, 1, 0, 0, 101, 0, 0,
5, 2, 0, 0, 101, 0, 0,
2, 3, 0, 0, 101, 49, 0,
5, 2, 0, 0, 101, 0, 0,
2, 3, 0, 0, 101, 0, 0,
5, 2, 0, 0, 101, 0, 0,
2, 3, 0, 0, 101, 1, 0,
5, 2, 0, 0, 101, 0, 0,
2, 3, 0, 0, 101, 0, 0,
5, 2, 0, 0, 101, 0, 0,
2, 3, 0, 0, 101, 0, 0,
5, 2, 0, 0, 101, 0, 0,
7, 1, 1, 3, 102, 98, 100,
2, 3, 2, 0, 101, 102, 0,
5, 2, 0, 0, 100, 0, 0,
5, 2, 0, 0, 101, 0, 0,
2, 3, 0, 0, 101, 0, 0,
19, 2, 0, 0, 0, 0, 0,
46, 2, 11501, 0, 101, 0, 0,
46, 0, 12000, 0, 0, 0, 0,
2, 1, 1, 0, 100, 99, 0,
5, 2, 0, 0, 100, 0, 0,
6, 1, 0, 0, 99, 0, 0,
2, 1, 2, 0, 101, 99, 0,
5, 1, 0, 0, 99, 0, 0,
5, 1, 0, 0, 101, 0, 0,
5, 2, 0, 0, 101, 0, 0,
2, 3, 0, 0, 101, 43, 0,
5, 2, 0, 0, 101, 0, 0,
2, 3, 0, 0, 101, 1, 0,
5, 2, 0, 0, 101, 0, 0,
2, 3, 0, 0, 101, 0, 0,
5, 2, 0, 0, 101, 0, 0,
2, 3, 0, 0, 101, 0, 0,
5, 2, 0, 0, 101, 0, 0,
2, 3, 3, 0, 101, 100, 0,
5, 2, 0, 0, 100, 0, 0,
5, 2, 0, 0, 101, 0, 0,
2, 3, 3, 0, 101, 100, 0,
5, 2, 0, 0, 100, 0, 0,
5, 2, 0, 0, 101, 0, 0,
2, 3, 0, 0, 101, 0, 0,
19, 2, 0, 0, 0, 0, 0,
46, 2, 12000, 0, 101, 0, 0,
46, 0, 12001, 0, 0, 0, 0,
2, 1, 1, 0, 100, 99, 0,
5, 2, 0, 0, 100, 0, 0,
6, 1, 0, 0, 99, 0, 0,
2, 1, 2, 0, 101, 99, 0,
5, 1, 0, 0, 99, 0, 0,
5, 1, 0, 0, 101, 0, 0,
5, 2, 0, 0, 101, 0, 0,
2, 3, 0, 0, 101, 43, 0,
5, 2, 0, 0, 101, 0, 0,
2, 3, 0, 0, 101, 1, 0,
5, 2, 0, 0, 101, 0, 0,
2, 3, 0, 0, 101, 1, 0,
5, 2, 0, 0, 101, 0, 0,
2, 3, 0, 0, 101, 0, 0,
5, 2, 0, 0, 101, 0, 0,
2, 3, 3, 0, 101, 100, 0,
5, 2, 0, 0, 100, 0, 0,
5, 2, 0, 0, 101, 0, 0,
7, 1, 1, 3, 102, 98, 100,
2, 3, 2, 0, 101, 102, 0,
5, 2, 0, 0, 100, 0, 0,
5, 2, 0, 0, 101, 0, 0,
2, 3, 0, 0, 101, 0, 0,
19, 2, 0, 0, 0, 0, 0,
46, 3, 12001, 0, 101, 0, 0,
46, 0, 12002, 0, 0, 0, 0,
2, 1, 1, 0, 100, 99, 0,
5, 2, 0, 0, 100, 0, 0,
6, 1, 0, 0, 99, 0, 0,
2, 1, 2, 0, 101, 99, 0,
5, 1, 0, 0, 99, 0, 0,
5, 1, 0, 0, 101, 0, 0,
5, 2, 0, 0, 101, 0, 0,
2, 3, 0, 0, 101, 43, 0,
5, 2, 0, 0, 101, 0, 0,
2, 3, 0, 0, 101, 2, 0,
5, 2, 0, 0, 101, 0, 0,
2, 3, 0, 0, 101, 0, 0,
5, 2, 0, 0, 101, 0, 0,
2, 3, 0, 0, 101, 0, 0,
5, 2, 0, 0, 101, 0, 0,
7, 1, 1, 3, 102, 98, 100,
2, 3, 2, 0, 101, 102, 0,
5, 2, 0, 0, 100, 0, 0,
5, 2, 0, 0, 101, 0, 0,
2, 3, 3, 0, 101, 100, 0,
5, 2, 0, 0, 100, 0, 0,
5, 2, 0, 0, 101, 0, 0,
2, 3, 0, 0, 101, 0, 0,
19, 2, 0, 0, 0, 0, 0,
46, 3, 12002, 0, 101, 0, 0,
46, 0, 12003, 0, 0, 0, 0,
2, 1, 1, 0, 100, 99, 0,
5, 2, 0, 0, 100, 0, 0,
6, 1, 0, 0, 99, 0, 0,
2, 1, 2, 0, 101, 99, 0,
5, 1, 0, 0, 99, 0, 0,
5, 1, 0, 0, 101, 0, 0,
5, 2, 0, 0, 101, 0, 0,
2, 3, 0, 0, 101, 43, 0,
5, 2, 0, 0, 101, 0, 0,
2, 3, 0, 0, 101, 2, 0,
5, 2, 0, 0, 101, 0, 0,
2, 3, 0, 0, 101, 1, 0,
5, 2, 0, 0, 101, 0, 0,
2, 3, 0, 0, 101, 0, 0,
5, 2, 0, 0, 101, 0, 0,
7, 1, 1, 3, 102, 98, 100,
2, 3, 2, 0, 101, 102, 0,
5, 2, 0, 0, 100, 0, 0,
5, 2, 0, 0, 101, 0, 0,
7, 1, 1, 3, 102, 98, 100,
2, 3, 2, 0, 101, 102, 0,
5, 2, 0, 0, 100, 0, 0,
5, 2, 0, 0, 101, 0, 0,
2, 3, 0, 0, 101, 0, 0,
19, 2, 0, 0, 0, 0, 0,
46, 2, 12003, 0, 101, 0, 0,
46, 0, 13000, 0, 0, 0, 0,
2, 1, 1, 0, 100, 99, 0,
5, 2, 0, 0, 100, 0, 0,
6, 1, 0, 0, 99, 0, 0,
2, 1, 2, 0, 101, 99, 0,
5, 1, 0, 0, 99, 0, 0,
5, 1, 0, 0, 101, 0, 0,
5, 2, 0, 0, 101, 0, 0,
2, 3, 0, 0, 101, 14, 0,
5, 2, 0, 0, 101, 0, 0,
2, 3, 0, 0, 101, 1, 0,
5, 2, 0, 0, 101, 0, 0,
2, 3, 0, 0, 101, 0, 0,
5, 2, 0, 0, 101, 0, 0,
2, 3, 0, 0, 101, 0, 0,
5, 2, 0, 0, 101, 0, 0,
7, 1, 1, 3, 103, 98, 100,
2, 3, 2, 0, 101, 103, 0,
5, 2, 0, 0, 100, 0, 0,
5, 2, 0, 0, 101, 0, 0,
2, 3, 0, 0, 101, 0, 0,
5, 2, 0, 0, 101, 0, 0,
2, 3, 0, 0, 101, 0, 0,
19, 2, 0, 0, 0, 0, 0,
46, 3, 13000, 0, 101, 0, 0,
46, 0, 13001, 0, 0, 0, 0,
2, 1, 1, 0, 100, 99, 0,
5, 2, 0, 0, 100, 0, 0,
6, 1, 0, 0, 99, 0, 0,
2, 1, 2, 0, 101, 99, 0,
5, 1, 0, 0, 99, 0, 0,
5, 1, 0, 0, 101, 0, 0,
5, 2, 0, 0, 101, 0, 0,
2, 3, 0, 0, 101, 16, 0,
5, 2, 0, 0, 101, 0, 0,
2, 3, 0, 0, 101, 1, 0,
5, 2, 0, 0, 101, 0, 0,
2, 3, 0, 0, 101, 0, 0,
5, 2, 0, 0, 101, 0, 0,
2, 3, 0, 0, 101, 0, 0,
5, 2, 0, 0, 101, 0, 0,
7, 1, 1, 3, 103, 98, 100,
2, 3, 2, 0, 101, 103, 0,
5, 2, 0, 0, 100, 0, 0,
5, 2, 0, 0, 101, 0, 0,
2, 3, 0, 0, 101, 0, 0,
5, 2, 0, 0, 101, 0, 0,
2, 3, 0, 0, 101, 0, 0,
19, 2, 0, 0, 0, 0, 0,
46, 3, 13001, 0, 101, 0, 0,
46, 0, 13100, 0, 0, 0, 0,
2, 1, 1, 0, 100, 99, 0,
5, 2, 0, 0, 100, 0, 0,
6, 1, 0, 0, 99, 0, 0,
2, 1, 2, 0, 101, 99, 0,
5, 1, 0, 0, 99, 0, 0,
5, 1, 0, 0, 101, 0, 0,
5, 2, 0, 0, 101, 0, 0,
2, 3, 0, 0, 101, 15, 0,
5, 2, 0, 0, 101, 0, 0,
2, 3, 0, 0, 101, 1, 0,
5, 2, 0, 0, 101, 0, 0,
2, 3, 0, 0, 101, 0, 0,
5, 2, 0, 0, 101, 0, 0,
2, 3, 0, 0, 101, 0, 0,
5, 2, 0, 0, 101, 0, 0,
7, 1, 1, 3, 103, 98, 100,
2, 3, 2, 0, 101, 103, 0,
5, 2, 0, 0, 100, 0, 0,
5, 2, 0, 0, 101, 0, 0,
7, 1, 1, 3, 103, 98, 100,
2, 3, 2, 0, 101, 103, 0,
5, 2, 0, 0, 100, 0, 0,
5, 2, 0, 0, 101, 0, 0,
2, 3, 0, 0, 101, 0, 0,
19, 2, 0, 0, 0, 0, 0,
46, 2, 13100, 0, 101, 0, 0,
46, 0, 13200, 0, 0, 0, 0,
2, 1, 1, 0, 100, 99, 0,
5, 2, 0, 0, 100, 0, 0,
6, 1, 0, 0, 99, 0, 0,
2, 1, 2, 0, 101, 99, 0,
5, 1, 0, 0, 99, 0, 0,
5, 1, 0, 0, 101, 0, 0,
5, 2, 0, 0, 101, 0, 0,
2, 3, 0, 0, 101, 17, 0,
5, 2, 0, 0, 101, 0, 0,
2, 3, 0, 0, 101, 1, 0,
5, 2, 0, 0, 101, 0, 0,
2, 3, 0, 0, 101, 1, 0,
5, 2, 0, 0, 101, 0, 0,
2, 3, 0, 0, 101, 0, 0,
5, 2, 0, 0, 101, 0, 0,
7, 1, 1, 3, 103, 98, 100,
2, 3, 2, 0, 101, 103, 0,
5, 2, 0, 0, 100, 0, 0,
5, 2, 0, 0, 101, 0, 0,
7, 1, 1, 3, 103, 98, 100,
2, 3, 2, 0, 101, 103, 0,
5, 2, 0, 0, 100, 0, 0,
5, 2, 0, 0, 101, 0, 0,
2, 3, 0, 0, 101, 0, 0,
19, 2, 0, 0, 0, 0, 0,
46, 2, 13200, 0, 101, 0, 0,
46, 0, 14999, 0, 0, 0, 0,
2, 1, 1, 0, 100, 99, 0,
5, 2, 0, 0, 100, 0, 0,
6, 1, 0, 0, 99, 0, 0,
2, 1, 2, 0, 101, 99, 0,
5, 1, 0, 0, 99, 0, 0,
5, 1, 0, 0, 101, 0, 0,
5, 2, 0, 0, 101, 0, 0,
2, 3, 0, 0, 101, 34, 0,
5, 2, 0, 0, 101, 0, 0,
2, 3, 0, 0, 101, 0, 0,
5, 2, 0, 0, 101, 0, 0,
2, 3, 0, 0, 101, 0, 0,
5, 2, 0, 0, 101, 0, 0,
2, 3, 0, 0, 101, 0, 0,
5, 2, 0, 0, 101, 0, 0,
2, 3, 0, 0, 101, 0, 0,
5, 2, 0, 0, 101, 0, 0,
2, 3, 0, 0, 101, 0, 0,
5, 2, 0, 0, 101, 0, 0,
2, 3, 0, 0, 101, 0, 0,
19, 2, 0, 0, 0, 0, 0,
46, 2, 14999, 0, 100, 0, 0,
46, 0, 15000, 0, 0, 0, 0,
2, 1, 1, 0, 100, 99, 0,
5, 2, 0, 0, 100, 0, 0,
6, 1, 0, 0, 99, 0, 0,
2, 1, 2, 0, 101, 99, 0,
5, 1, 0, 0, 99, 0, 0,
5, 1, 0, 0, 101, 0, 0,
5, 2, 0, 0, 101, 0, 0,
2, 3, 0, 0, 101, 32, 0,
5, 2, 0, 0, 101, 0, 0,
2, 3, 0, 0, 101, 2, 0,
5, 2, 0, 0, 101, 0, 0,
2, 3, 0, 0, 101, 0, 0,
5, 2, 0, 0, 101, 0, 0,
2, 3, 0, 0, 101, 0, 0,
5, 2, 0, 0, 101, 0, 0,
2, 3, 0, 0, 101, 0, 0,
5, 2, 0, 0, 101, 0, 0,
2, 3, 0, 0, 101, 0, 0,
5, 2, 0, 0, 101, 0, 0,
2, 3, 0, 0, 101, 0, 0,
19, 2, 0, 0, 0, 0, 0,
46, 2, 15000, 0, 100, 0, 0,
46, 0, 15001, 0, 0, 0, 0,
2, 1, 1, 0, 100, 99, 0,
5, 2, 0, 0, 100, 0, 0,
6, 1, 0, 0, 99, 0, 0,
2, 1, 2, 0, 101, 99, 0,
5, 1, 0, 0, 99, 0, 0,
5, 1, 0, 0, 101, 0, 0,
5, 2, 0, 0, 101, 0, 0,
2, 3, 0, 0, 101, 7, 0,
5, 2, 0, 0, 101, 0, 0,
2, 3, 0, 0, 101, 2, 0,
5, 2, 0, 0, 101, 0, 0,
2, 3, 0, 0, 101, 2, 0,
5, 2, 0, 0, 101, 0, 0,
2, 3, 0, 0, 101, 0, 0,
5, 2, 0, 0, 101, 0, 0,
2, 3, 0, 0, 101, 0, 0,
5, 2, 0, 0, 101, 0, 0,
2, 3, 0, 0, 101, 0, 0,
5, 2, 0, 0, 101, 0, 0,
2, 3, 0, 0, 101, 3, 0,
19, 2, 0, 0, 0, 0, 0,
46, 2, 15001, 0, 100, 0, 0,
46, 0, 15002, 0, 0, 0, 0,
2, 1, 1, 0, 100, 99, 0,
5, 2, 0, 0, 100, 0, 0,
6, 1, 0, 0, 99, 0, 0,
2, 1, 2, 0, 101, 99, 0,
5, 1, 0, 0, 99, 0, 0,
5, 1, 0, 0, 101, 0, 0,
5, 2, 0, 0, 101, 0, 0,
2, 3, 0, 0, 101, 2, 0,
5, 2, 0, 0, 101, 0, 0,
2, 3, 0, 0, 101, 1, 0,
5, 2, 0, 0, 101, 0, 0,
2, 3, 0, 0, 101, 2, 0,
5, 2, 0, 0, 101, 0, 0,
2, 3, 0, 0, 101, 0, 0,
5, 2, 0, 0, 101, 0, 0,
7, 1, 1, 3, 103, 98, 100,
2, 3, 2, 0, 101, 103, 0,
5, 2, 0, 0, 100, 0, 0,
5, 2, 0, 0, 101, 0, 0,
2, 3, 0, 0, 101, 0, 0,
5, 2, 0, 0, 101, 0, 0,
2, 3, 0, 0, 101, 0, 0,
19, 2, 0, 0, 0, 0, 0,
46, 3, 15002, 0, 101, 0, 0,
46, 0, 15003, 0, 0, 0, 0,
2, 1, 1, 0, 100, 99, 0,
5, 2, 0, 0, 100, 0, 0,
6, 1, 0, 0, 99, 0, 0,
2, 1, 2, 0, 101, 99, 0,
5, 1, 0, 0, 99, 0, 0,
5, 1, 0, 0, 101, 0, 0,
5, 2, 0, 0, 101, 0, 0,
2, 3, 0, 0, 101, 2, 0,
5, 2, 0, 0, 101, 0, 0,
2, 3, 0, 0, 101, 1, 0,
5, 2, 0, 0, 101, 0, 0,
2, 3, 0, 0, 101, 1, 0,
5, 2, 0, 0, 101, 0, 0,
2, 3, 0, 0, 101, 0, 0,
5, 2, 0, 0, 101, 0, 0,
7, 1, 1, 3, 103, 98, 100,
2, 3, 2, 0, 101, 103, 0,
5, 2, 0, 0, 100, 0, 0,
5, 2, 0, 0, 101, 0, 0,
2, 3, 0, 0, 101, 99, 0,
5, 2, 0, 0, 101, 0, 0,
2, 3, 0, 0, 101, 0, 0,
19, 2, 0, 0, 0, 0, 0,
46, 3, 15003, 0, 101, 0, 0,
46, 0, 15004, 0, 0, 0, 0,
2, 1, 1, 0, 100, 99, 0,
5, 2, 0, 0, 100, 0, 0,
6, 1, 0, 0, 99, 0, 0,
2, 1, 2, 0, 101, 99, 0,
5, 1, 0, 0, 99, 0, 0,
5, 1, 0, 0, 101, 0, 0,
5, 2, 0, 0, 101, 0, 0,
2, 3, 0, 0, 101, 45, 0,
5, 2, 0, 0, 101, 0, 0,
2, 3, 0, 0, 101, 2, 0,
5, 2, 0, 0, 101, 0, 0,
2, 3, 0, 0, 101, 2, 0,
5, 2, 0, 0, 101, 0, 0,
2, 3, 0, 0, 101, 2, 0,
5, 2, 0, 0, 101, 0, 0,
7, 1, 1, 3, 103, 98, 100,
2, 3, 2, 0, 101, 103, 0,
5, 2, 0, 0, 100, 0, 0,
5, 2, 0, 0, 101, 0, 0,
7, 1, 1, 3, 103, 98, 100,
2, 3, 2, 0, 101, 103, 0,
5, 2, 0, 0, 100, 0, 0,
5, 2, 0, 0, 101, 0, 0,
7, 1, 1, 3, 103, 98, 100,
2, 3, 2, 0, 101, 103, 0,
5, 2, 0, 0, 100, 0, 0,
19, 2, 0, 0, 0, 0, 0,
46, 2, 15004, 0, 101, 0, 0,
46, 0, 14000, 0, 0, 0, 0,
2, 1, 1, 0, 100, 99, 0,
5, 2, 0, 0, 100, 0, 0,
6, 1, 0, 0, 99, 0, 0,
2, 1, 2, 0, 101, 99, 0,
5, 1, 0, 0, 99, 0, 0,
5, 1, 0, 0, 101, 0, 0,
5, 2, 0, 0, 101, 0, 0,
2, 3, 0, 0, 101, 2, 0,
5, 2, 0, 0, 101, 0, 0,
2, 3, 0, 0, 101, 1, 0,
5, 2, 0, 0, 101, 0, 0,
2, 3, 0, 0, 101, 1, 0,
5, 2, 0, 0, 101, 0, 0,
2, 3, 0, 0, 101, 0, 0,
5, 2, 0, 0, 101, 0, 0,
2, 3, 0, 0, 101, 100, 0,
5, 2, 0, 0, 101, 0, 0,
2, 3, 0, 0, 101, 99, 0,
5, 2, 0, 0, 101, 0, 0,
2, 3, 0, 0, 101, 0, 0,
5, 2, 0, 0, 101, 0, 0,
2, 3, 0, 0, 101, 5, 0,
5, 2, 0, 0, 101, 0, 0,
2, 3, 0, 0, 101, 2, 0,
5, 2, 0, 0, 101, 0, 0,
2, 3, 0, 0, 101, 0, 0,
5, 2, 0, 0, 101, 0, 0,
2, 3, 0, 0, 101, 0, 0,
5, 2, 0, 0, 101, 0, 0,
2, 3, 0, 0, 101, 100, 0,
5, 2, 0, 0, 101, 0, 0,
2, 3, 0, 0, 101, 0, 0,
5, 2, 0, 0, 101, 0, 0,
2, 3, 0, 0, 101, 0, 0,
19, 2, 0, 0, 0, 0, 0,
46, 2, 14000, 0, 101, 0, 0,
46, 0, 14010, 0, 0, 0, 0,
2, 1, 1, 0, 100, 99, 0,
5, 2, 0, 0, 100, 0, 0,
6, 1, 0, 0, 99, 0, 0,
2, 1, 2, 0, 101, 99, 0,
5, 1, 0, 0, 99, 0, 0,
5, 1, 0, 0, 101, 0, 0,
5, 2, 0, 0, 101, 0, 0,
2, 3, 0, 0, 101, 6, 0,
5, 2, 0, 0, 101, 0, 0,
2, 3, 0, 0, 101, 1, 0,
5, 2, 0, 0, 101, 0, 0,
2, 3, 0, 0, 101, 0, 0,
5, 2, 0, 0, 101, 0, 0,
2, 3, 0, 0, 101, 0, 0,
5, 2, 0, 0, 101, 0, 0,
2, 3, 0, 0, 101, 99, 0,
5, 2, 0, 0, 101, 0, 0,
2, 3, 0, 0, 101, 0, 0,
5, 2, 0, 0, 101, 0, 0,
2, 3, 0, 0, 101, 0, 0,
5, 2, 0, 0, 101, 0, 0,
2, 3, 0, 0, 101, 2, 0,
5, 2, 0, 0, 101, 0, 0,
2, 3, 0, 0, 101, 1, 0,
5, 2, 0, 0, 101, 0, 0,
2, 3, 0, 0, 101, 2, 0,
5, 2, 0, 0, 101, 0, 0,
2, 3, 0, 0, 101, 0, 0,
5, 2, 0, 0, 101, 0, 0,
2, 3, 0, 0, 101, 101, 0,
5, 2, 0, 0, 101, 0, 0,
2, 3, 0, 0, 101, 99, 0,
5, 2, 0, 0, 101, 0, 0,
2, 3, 0, 0, 101, 0, 0,
5, 2, 0, 0, 101, 0, 0,
2, 3, 0, 0, 101, 5, 0,
5, 2, 0, 0, 101, 0, 0,
2, 3, 0, 0, 101, 1, 0,
5, 2, 0, 0, 101, 0, 0,
2, 3, 0, 0, 101, 0, 0,
5, 2, 0, 0, 101, 0, 0,
2, 3, 0, 0, 101, 0, 0,
5, 2, 0, 0, 101, 0, 0,
2, 3, 0, 0, 101, 99, 0,
5, 2, 0, 0, 101, 0, 0,
2, 3, 0, 0, 101, 0, 0,
5, 2, 0, 0, 101, 0, 0,
2, 3, 0, 0, 101, 0, 0,
5, 2, 0, 0, 101, 0, 0,
2, 3, 0, 0, 101, 5, 0,
5, 2, 0, 0, 101, 0, 0,
2, 3, 0, 0, 101, 1, 0,
5, 2, 0, 0, 101, 0, 0,
2, 3, 0, 0, 101, 0, 0,
5, 2, 0, 0, 101, 0, 0,
2, 3, 0, 0, 101, 0, 0,
5, 2, 0, 0, 101, 0, 0,
2, 3, 0, 0, 101, 101, 0,
5, 2, 0, 0, 101, 0, 0,
2, 3, 0, 0, 101, 0, 0,
5, 2, 0, 0, 101, 0, 0,
2, 3, 0, 0, 101, 0, 0,
19, 2, 0, 0, 0, 0, 0,
46, 2, 14010, 0, 101, 0, 0,
46, 0, 14100, 0, 0, 0, 0,
2, 1, 1, 0, 100, 99, 0,
5, 2, 0, 0, 100, 0, 0,
6, 1, 0, 0, 99, 0, 0,
2, 1, 2, 0, 101, 99, 0,
5, 1, 0, 0, 99, 0, 0,
5, 1, 0, 0, 101, 0, 0,
5, 2, 0, 0, 101, 0, 0,
2, 3, 0, 0, 101, 5, 0,
5, 2, 0, 0, 101, 0, 0,
2, 3, 0, 0, 101, 2, 0,
5, 2, 0, 0, 101, 0, 0,
2, 3, 0, 0, 101, 0, 0,
5, 2, 0, 0, 101, 0, 0,
2, 3, 0, 0, 101, 0, 0,
5, 2, 0, 0, 101, 0, 0,
2, 3, 0, 0, 101, 101, 0,
5, 2, 0, 0, 101, 0, 0,
2, 3, 0, 0, 101, 0, 0,
5, 2, 0, 0, 101, 0, 0,
2, 3, 0, 0, 101, 0, 0,
5, 2, 0, 0, 101, 0, 0,
2, 3, 0, 0, 101, 2, 0,
5, 2, 0, 0, 101, 0, 0,
2, 3, 0, 0, 101, 3, 0,
5, 2, 0, 0, 101, 0, 0,
2, 3, 0, 0, 101, 0, 0,
5, 2, 0, 0, 101, 0, 0,
2, 3, 0, 0, 101, 0, 0,
5, 2, 0, 0, 101, 0, 0,
2, 3, 0, 0, 101, 101, 0,
5, 2, 0, 0, 101, 0, 0,
2, 3, 3, 0, 101, 100, 0,
5, 2, 0, 0, 100, 0, 0,
5, 2, 0, 0, 101, 0, 0,
2, 3, 0, 0, 101, 0, 0,
19, 2, 0, 0, 0, 0, 0,
46, 2, 14100, 0, 101, 0, 0,
46, 0, 14101, 0, 0, 0, 0,
2, 1, 1, 0, 100, 99, 0,
5, 2, 0, 0, 100, 0, 0,
6, 1, 0, 0, 99, 0, 0,
2, 1, 2, 0, 101, 99, 0,
5, 1, 0, 0, 99, 0, 0,
5, 1, 0, 0, 101, 0, 0,
5, 2, 0, 0, 101, 0, 0,
2, 3, 0, 0, 101, 5, 0,
5, 2, 0, 0, 101, 0, 0,
2, 3, 0, 0, 101, 2, 0,
5, 2, 0, 0, 101, 0, 0,
2, 3, 0, 0, 101, 0, 0,
5, 2, 0, 0, 101, 0, 0,
2, 3, 0, 0, 101, 0, 0,
5, 2, 0, 0, 101, 0, 0,
2, 3, 0, 0, 101, 101, 0,
5, 2, 0, 0, 101, 0, 0,
2, 3, 0, 0, 101, 0, 0,
5, 2, 0, 0, 101, 0, 0,
2, 3, 0, 0, 101, 0, 0,
5, 2, 0, 0, 101, 0, 0,
2, 3, 0, 0, 101, 2, 0,
5, 2, 0, 0, 101, 0, 0,
2, 3, 0, 0, 101, 3, 0,
5, 2, 0, 0, 101, 0, 0,
2, 3, 0, 0, 101, 0, 0,
5, 2, 0, 0, 101, 0, 0,
2, 3, 0, 0, 101, 0, 0,
5, 2, 0, 0, 101, 0, 0,
2, 3, 0, 0, 101, 101, 0,
5, 2, 0, 0, 101, 0, 0,
2, 3, 0, 0, 101, 0, 0,
5, 2, 0, 0, 101, 0, 0,
2, 3, 0, 0, 101, 0, 0,
19, 2, 0, 0, 0, 0, 0,
46, 2, 14101, 0, 0, 0, 0,
46, 0, 14102, 0, 0, 0, 0,
2, 1, 1, 0, 100, 99, 0,
5, 2, 0, 0, 100, 0, 0,
6, 1, 0, 0, 99, 0, 0,
2, 1, 2, 0, 101, 99, 0,
5, 1, 0, 0, 99, 0, 0,
5, 1, 0, 0, 101, 0, 0,
5, 2, 0, 0, 101, 0, 0,
2, 3, 0, 0, 101, 5, 0,
5, 2, 0, 0, 101, 0, 0,
2, 3, 0, 0, 101, 2, 0,
5, 2, 0, 0, 101, 0, 0,
2, 3, 0, 0, 101, 0, 0,
5, 2, 0, 0, 101, 0, 0,
2, 3, 0, 0, 101, 0, 0,
5, 2, 0, 0, 101, 0, 0,
2, 3, 0, 0, 101, 101, 0,
5, 2, 0, 0, 101, 0, 0,
2, 3, 0, 0, 101, 0, 0,
5, 2, 0, 0, 101, 0, 0,
2, 3, 0, 0, 101, 0, 0,
5, 2, 0, 0, 101, 0, 0,
2, 3, 0, 0, 101, 2, 0,
5, 2, 0, 0, 101, 0, 0,
2, 3, 0, 0, 101, 3, 0,
5, 2, 0, 0, 101, 0, 0,
2, 3, 0, 0, 101, 0, 0,
5, 2, 0, 0, 101, 0, 0,
2, 3, 0, 0, 101, 0, 0,
5, 2, 0, 0, 101, 0, 0,
2, 3, 0, 0, 101, 101, 0,
5, 2, 0, 0, 101, 0, 0,
2, 3, 0, 0, 101, 1, 0,
5, 2, 0, 0, 101, 0, 0,
2, 3, 0, 0, 101, 0, 0,
19, 2, 0, 0, 0, 0, 0,
46, 2, 14102, 0, 0, 0, 0,
46, 0, 14103, 0, 0, 0, 0,
2, 1, 1, 0, 100, 99, 0,
5, 2, 0, 0, 100, 0, 0,
6, 1, 0, 0, 99, 0, 0,
2, 1, 2, 0, 101, 99, 0,
5, 1, 0, 0, 99, 0, 0,
5, 1, 0, 0, 101, 0, 0,
5, 2, 0, 0, 101, 0, 0,
2, 3, 0, 0, 101, 5, 0,
5, 2, 0, 0, 101, 0, 0,
2, 3, 0, 0, 101, 2, 0,
5, 2, 0, 0, 101, 0, 0,
2, 3, 0, 0, 101, 0, 0,
5, 2, 0, 0, 101, 0, 0,
2, 3, 0, 0, 101, 0, 0,
5, 2, 0, 0, 101, 0, 0,
2, 3, 0, 0, 101, 101, 0,
5, 2, 0, 0, 101, 0, 0,
2, 3, 0, 0, 101, 0, 0,
5, 2, 0, 0, 101, 0, 0,
2, 3, 0, 0, 101, 0, 0,
5, 2, 0, 0, 101, 0, 0,
2, 3, 0, 0, 101, 2, 0,
5, 2, 0, 0, 101, 0, 0,
2, 3, 0, 0, 101, 3, 0,
5, 2, 0, 0, 101, 0, 0,
2, 3, 0, 0, 101, 0, 0,
5, 2, 0, 0, 101, 0, 0,
2, 3, 0, 0, 101, 0, 0,
5, 2, 0, 0, 101, 0, 0,
2, 3, 0, 0, 101, 101, 0,
5, 2, 0, 0, 101, 0, 0,
2, 3, 0, 0, 101, 2, 0,
5, 2, 0, 0, 101, 0, 0,
2, 3, 0, 0, 101, 0, 0,
19, 2, 0, 0, 0, 0, 0,
46, 2, 14103, 0, 0, 0, 0,
46, 0, 14104, 0, 0, 0, 0,
2, 1, 1, 0, 100, 99, 0,
5, 2, 0, 0, 100, 0, 0,
6, 1, 0, 0, 99, 0, 0,
2, 1, 2, 0, 101, 99, 0,
5, 1, 0, 0, 99, 0, 0,
5, 1, 0, 0, 101, 0, 0,
5, 2, 0, 0, 101, 0, 0,
2, 3, 0, 0, 101, 5, 0,
5, 2, 0, 0, 101, 0, 0,
2, 3, 0, 0, 101, 2, 0,
5, 2, 0, 0, 101, 0, 0,
2, 3, 0, 0, 101, 0, 0,
5, 2, 0, 0, 101, 0, 0,
2, 3, 0, 0, 101, 0, 0,
5, 2, 0, 0, 101, 0, 0,
2, 3, 0, 0, 101, 101, 0,
5, 2, 0, 0, 101, 0, 0,
2, 3, 0, 0, 101, 0, 0,
5, 2, 0, 0, 101, 0, 0,
2, 3, 0, 0, 101, 0, 0,
5, 2, 0, 0, 101, 0, 0,
2, 3, 0, 0, 101, 2, 0,
5, 2, 0, 0, 101, 0, 0,
2, 3, 0, 0, 101, 3, 0,
5, 2, 0, 0, 101, 0, 0,
2, 3, 0, 0, 101, 0, 0,
5, 2, 0, 0, 101, 0, 0,
2, 3, 0, 0, 101, 0, 0,
5, 2, 0, 0, 101, 0, 0,
2, 3, 0, 0, 101, 101, 0,
5, 2, 0, 0, 101, 0, 0,
2, 3, 0, 0, 101, 3, 0,
5, 2, 0, 0, 101, 0, 0,
2, 3, 0, 0, 101, 0, 0,
19, 2, 0, 0, 0, 0, 0,
46, 2, 14104, 0, 0, 0, 0,
46, 0, 14200, 0, 0, 0, 0,
2, 1, 1, 0, 100, 99, 0,
5, 2, 0, 0, 100, 0, 0,
6, 1, 0, 0, 99, 0, 0,
2, 1, 2, 0, 101, 99, 0,
5, 1, 0, 0, 99, 0, 0,
5, 1, 0, 0, 101, 0, 0,
5, 2, 0, 0, 101, 0, 0,
2, 3, 0, 0, 101, 5, 0,
5, 2, 0, 0, 101, 0, 0,
2, 3, 0, 0, 101, 2, 0,
5, 2, 0, 0, 101, 0, 0,
2, 3, 0, 0, 101, 0, 0,
5, 2, 0, 0, 101, 0, 0,
2, 3, 0, 0, 101, 0, 0,
5, 2, 0, 0, 101, 0, 0,
2, 3, 0, 0, 101, 101, 0,
5, 2, 0, 0, 101, 0, 0,
2, 3, 0, 0, 101, 0, 0,
5, 2, 0, 0, 101, 0, 0,
2, 3, 0, 0, 101, 0, 0,
5, 2, 0, 0, 101, 0, 0,
2, 3, 0, 0, 101, 2, 0,
5, 2, 0, 0, 101, 0, 0,
2, 3, 0, 0, 101, 3, 0,
5, 2, 0, 0, 101, 0, 0,
2, 3, 0, 0, 101, 0, 0,
5, 2, 0, 0, 101, 0, 0,
2, 3, 0, 0, 101, 0, 0,
5, 2, 0, 0, 101, 0, 0,
2, 3, 0, 0, 101, 101, 0,
5, 2, 0, 0, 101, 0, 0,
2, 3, 3, 0, 101, 100, 0,
5, 2, 0, 0, 100, 0, 0,
5, 2, 0, 0, 101, 0, 0,
2, 3, 0, 0, 101, 0, 0,
19, 2, 0, 0, 0, 0, 0,
46, 2, 14200, 0, 101, 0, 0,
46, 0, 14201, 0, 0, 0, 0,
2, 1, 1, 0, 100, 99, 0,
5, 2, 0, 0, 100, 0, 0,
6, 1, 0, 0, 99, 0, 0,
2, 1, 2, 0, 101, 99, 0,
5, 1, 0, 0, 99, 0, 0,
5, 1, 0, 0, 101, 0, 0,
5, 2, 0, 0, 101, 0, 0,
2, 3, 0, 0, 101, 5, 0,
5, 2, 0, 0, 101, 0, 0,
2, 3, 0, 0, 101, 2, 0,
5, 2, 0, 0, 101, 0, 0,
2, 3, 0, 0, 101, 0, 0,
5, 2, 0, 0, 101, 0, 0,
2, 3, 0, 0, 101, 0, 0,
5, 2, 0, 0, 101, 0, 0,
2, 3, 0, 0, 101, 101, 0,
5, 2, 0, 0, 101, 0, 0,
2, 3, 0, 0, 101, 0, 0,
5, 2, 0, 0, 101, 0, 0,
2, 3, 0, 0, 101, 0, 0,
5, 2, 0, 0, 101, 0, 0,
2, 3, 0, 0, 101, 2, 0,
5, 2, 0, 0, 101, 0, 0,
2, 3, 0, 0, 101, 3, 0,
5, 2, 0, 0, 101, 0, 0,
2, 3, 0, 0, 101, 0, 0,
5, 2, 0, 0, 101, 0, 0,
2, 3, 0, 0, 101, 0, 0,
5, 2, 0, 0, 101, 0, 0,
2, 3, 0, 0, 101, 101, 0,
5, 2, 0, 0, 101, 0, 0,
2, 3, 0, 0, 101, 2, 0,
5, 2, 0, 0, 101, 0, 0,
2, 3, 0, 0, 101, 0, 0,
19, 2, 0, 0, 0, 0, 0,
46, 2, 14201, 0, 0, 0, 0,
46, 0, 14300, 0, 0, 0, 0,
2, 1, 1, 0, 100, 99, 0,
5, 2, 0, 0, 100, 0, 0,
6, 1, 0, 0, 99, 0, 0,
2, 1, 2, 0, 101, 99, 0,
5, 1, 0, 0, 99, 0, 0,
5, 1, 0, 0, 101, 0, 0,
5, 2, 0, 0, 101, 0, 0,
2, 3, 0, 0, 101, 5, 0,
5, 2, 0, 0, 101, 0, 0,
2, 3, 0, 0, 101, 2, 0,
5, 2, 0, 0, 101, 0, 0,
2, 3, 0, 0, 101, 0, 0,
5, 2, 0, 0, 101, 0, 0,
2, 3, 0, 0, 101, 0, 0,
5, 2, 0, 0, 101, 0, 0,
2, 3, 0, 0, 101, 101, 0,
5, 2, 0, 0, 101, 0, 0,
2, 3, 0, 0, 101, 0, 0,
5, 2, 0, 0, 101, 0, 0,
2, 3, 0, 0, 101, 0, 0,
5, 2, 0, 0, 101, 0, 0,
2, 3, 0, 0, 101, 2, 0,
5, 2, 0, 0, 101, 0, 0,
2, 3, 0, 0, 101, 3, 0,
5, 2, 0, 0, 101, 0, 0,
2, 3, 0, 0, 101, 3, 0,
5, 2, 0, 0, 101, 0, 0,
2, 3, 0, 0, 101, 0, 0,
5, 2, 0, 0, 101, 0, 0,
2, 3, 0, 0, 101, 101, 0,
5, 2, 0, 0, 101, 0, 0,
2, 3, 0, 0, 101, 100, 0,
5, 2, 0, 0, 101, 0, 0,
2, 3, 0, 0, 101, 0, 0,
5, 2, 0, 0, 101, 0, 0,
2, 3, 0, 0, 101, 5, 0,
5, 2, 0, 0, 101, 0, 0,
2, 3, 0, 0, 101, 2, 0,
5, 2, 0, 0, 101, 0, 0,
2, 3, 0, 0, 101, 0, 0,
5, 2, 0, 0, 101, 0, 0,
2, 3, 0, 0, 101, 0, 0,
5, 2, 0, 0, 101, 0, 0,
2, 3, 0, 0, 101, 100, 0,
5, 2, 0, 0, 101, 0, 0,
2, 3, 0, 0, 101, 0, 0,
5, 2, 0, 0, 101, 0, 0,
2, 3, 0, 0, 101, 0, 0,
19, 2, 0, 0, 0, 0, 0,
46, 3, 14300, 0, 101, 5, 0,
46, 0, 14301, 0, 0, 0, 0,
2, 1, 1, 0, 100, 99, 0,
5, 2, 0, 0, 100, 0, 0,
6, 1, 0, 0, 99, 0, 0,
2, 1, 2, 0, 101, 99, 0,
5, 1, 0, 0, 99, 0, 0,
5, 1, 0, 0, 101, 0, 0,
5, 2, 0, 0, 101, 0, 0,
2, 3, 0, 0, 101, 5, 0,
5, 2, 0, 0, 101, 0, 0,
2, 3, 0, 0, 101, 2, 0,
5, 2, 0, 0, 101, 0, 0,
2, 3, 0, 0, 101, 0, 0,
5, 2, 0, 0, 101, 0, 0,
2, 3, 0, 0, 101, 0, 0,
5, 2, 0, 0, 101, 0, 0,
2, 3, 0, 0, 101, 101, 0,
5, 2, 0, 0, 101, 0, 0,
2, 3, 0, 0, 101, 0, 0,
5, 2, 0, 0, 101, 0, 0,
2, 3, 0, 0, 101, 0, 0,
5, 2, 0, 0, 101, 0, 0,
2, 3, 0, 0, 101, 2, 0,
5, 2, 0, 0, 101, 0, 0,
2, 3, 0, 0, 101, 3, 0,
5, 2, 0, 0, 101, 0, 0,
2, 3, 0, 0, 101, 3, 0,
5, 2, 0, 0, 101, 0, 0,
2, 3, 0, 0, 101, 0, 0,
5, 2, 0, 0, 101, 0, 0,
2, 3, 0, 0, 101, 101, 0,
5, 2, 0, 0, 101, 0, 0,
2, 3, 0, 0, 101, 100, 0,
5, 2, 0, 0, 101, 0, 0,
2, 3, 0, 0, 101, 0, 0,
19, 2, 0, 0, 0, 0, 0,
46, 3, 14301, 0, 101, 5, 0,
46, 0, 14310, 0, 0, 0, 0,
2, 1, 1, 0, 100, 99, 0,
5, 2, 0, 0, 100, 0, 0,
6, 1, 0, 0, 99, 0, 0,
2, 1, 2, 0, 101, 99, 0,
5, 1, 0, 0, 99, 0, 0,
5, 1, 0, 0, 101, 0, 0,
5, 2, 0, 0, 101, 0, 0,
2, 3, 0, 0, 101, 5, 0,
5, 2, 0, 0, 101, 0, 0,
2, 3, 0, 0, 101, 2, 0,
5, 2, 0, 0, 101, 0, 0,
2, 3, 0, 0, 101, 0, 0,
5, 2, 0, 0, 101, 0, 0,
2, 3, 0, 0, 101, 0, 0,
5, 2, 0, 0, 101, 0, 0,
2, 3, 0, 0, 101, 101, 0,
5, 2, 0, 0, 101, 0, 0,
2, 3, 0, 0, 101, 0, 0,
5, 2, 0, 0, 101, 0, 0,
2, 3, 0, 0, 101, 0, 0,
5, 2, 0, 0, 101, 0, 0,
2, 3, 0, 0, 101, 7, 0,
5, 2, 0, 0, 101, 0, 0,
2, 3, 0, 0, 101, 1, 0,
5, 2, 0, 0, 101, 0, 0,
2, 3, 0, 0, 101, 1, 0,
5, 2, 0, 0, 101, 0, 0,
2, 3, 0, 0, 101, 3, 0,
5, 2, 0, 0, 101, 0, 0,
2, 3, 0, 0, 101, 103, 0,
5, 2, 0, 0, 101, 0, 0,
2, 3, 0, 0, 101, 98, 0,
5, 2, 0, 0, 101, 0, 0,
2, 3, 0, 0, 101, 100, 0,
5, 2, 0, 0, 101, 0, 0,
2, 3, 0, 0, 101, 2, 0,
5, 2, 0, 0, 101, 0, 0,
2, 3, 0, 0, 101, 3, 0,
5, 2, 0, 0, 101, 0, 0,
2, 3, 0, 0, 101, 2, 0,
5, 2, 0, 0, 101, 0, 0,
2, 3, 0, 0, 101, 0, 0,
5, 2, 0, 0, 101, 0, 0,
2, 3, 0, 0, 101, 101, 0,
5, 2, 0, 0, 101, 0, 0,
2, 3, 0, 0, 101, 103, 0,
5, 2, 0, 0, 101, 0, 0,
2, 3, 0, 0, 101, 0, 0,
5, 2, 0, 0, 101, 0, 0,
2, 3, 0, 0, 101, 5, 0,
5, 2, 0, 0, 101, 0, 0,
2, 3, 0, 0, 101, 2, 0,
5, 2, 0, 0, 101, 0, 0,
2, 3, 0, 0, 101, 0, 0,
5, 2, 0, 0, 101, 0, 0,
2, 3, 0, 0, 101, 0, 0,
5, 2, 0, 0, 101, 0, 0,
2, 3, 0, 0, 101, 100, 0,
5, 2, 0, 0, 101, 0, 0,
2, 3, 0, 0, 101, 0, 0,
5, 2, 0, 0, 101, 0, 0,
2, 3, 0, 0, 101, 0, 0,
19, 2, 0, 0, 0, 0, 0,
46, 2, 14310, 0, 101, 0, 0,
46, 0, 14311, 0, 0, 0, 0,
2, 1, 1, 0, 100, 99, 0,
5, 2, 0, 0, 100, 0, 0,
6, 1, 0, 0, 99, 0, 0,
2, 1, 2, 0, 101, 99, 0,
5, 1, 0, 0, 99, 0, 0,
5, 1, 0, 0, 101, 0, 0,
5, 2, 0, 0, 101, 0, 0,
2, 3, 0, 0, 101, 5, 0,
5, 2, 0, 0, 101, 0, 0,
2, 3, 0, 0, 101, 2, 0,
5, 2, 0, 0, 101, 0, 0,
2, 3, 0, 0, 101, 0, 0,
5, 2, 0, 0, 101, 0, 0,
2, 3, 0, 0, 101, 0, 0,
5, 2, 0, 0, 101, 0, 0,
2, 3, 0, 0, 101, 101, 0,
5, 2, 0, 0, 101, 0, 0,
2, 3, 0, 0, 101, 0, 0,
5, 2, 0, 0, 101, 0, 0,
2, 3, 0, 0, 101, 0, 0,
5, 2, 0, 0, 101, 0, 0,
2, 3, 0, 0, 101, 2, 0,
5, 2, 0, 0, 101, 0, 0,
2, 3, 0, 0, 101, 3, 0,
5, 2, 0, 0, 101, 0, 0,
2, 3, 0, 0, 101, 2, 0,
5, 2, 0, 0, 101, 0, 0,
2, 3, 0, 0, 101, 0, 0,
5, 2, 0, 0, 101, 0, 0,
2, 3, 0, 0, 101, 101, 0,
5, 2, 0, 0, 101, 0, 0,
2, 3, 0, 0, 101, 103, 0,
5, 2, 0, 0, 101, 0, 0,
2, 3, 0, 0, 101, 0, 0,
19, 2, 0, 0, 0, 0, 0,
46, 3, 14311, 0, 101, 2, 0,
46, 0, 9999, 0, 0, 0, 0,
2, 1, 1, 0, 100, 99, 0,
5, 2, 0, 0, 100, 0, 0,
6, 1, 0, 0, 99, 0, 0,
2, 1, 2, 0, 101, 99, 0,
5, 1, 0, 0, 99, 0, 0,
5, 1, 0, 0, 101, 0, 0,
5, 2, 0, 0, 101, 0, 0,
2, 3, 0, 0, 101, 19, 0,
5, 2, 0, 0, 101, 0, 0,
2, 3, 0, 0, 101, 2, 0,
5, 2, 0, 0, 101, 0, 0,
2, 3, 0, 0, 101, 0, 0,
5, 2, 0, 0, 101, 0, 0,
2, 3, 0, 0, 101, 0, 0,
5, 2, 0, 0, 101, 0, 0,
2, 3, 0, 0, 101, 0, 0,
5, 2, 0, 0, 101, 0, 0,
2, 3, 0, 0, 101, 0, 0,
5, 2, 0, 0, 101, 0, 0,
2, 3, 0, 0, 101, 0, 0,
19, 2, 0, 0, 0, 0, 0,
46, 3, 9999, 0, 101, 2, 0,
46, 0, 206, 0, 0, 0, 0,
7, 1, 1, 0, 99, 99, 2,
2, 1, 2, 0, 100, 99, 0,
5, 1, 0, 0, 100, 0, 0,
2, 2, 1, 0, 100, 100, 0,
2, 1, 1, 0, 100, 99, 0,
5, 1, 0, 0, 100, 0, 0,
2, 2, 1, 0, 100, 100, 0,
7, 2, 2, 0, 100, 100, 2,
2, 1, 1, 0, 100, 99, 0,
5, 1, 0, 0, 100, 0, 0,
29, 0, 2, 2, 5, 100, 99,
5, 1, 0, 0, 99, 0, 0,
49, 0, 3, 0, 0, 100, 0,
6, 1, 0, 0, 99, 0, 0,
21, 0, 0, 0, 6, 0, 0,
2, 1, 2, 0, 100, 99, 0,
5, 1, 0, 0, 100, 0, 0,
2, 1, 2, 0, 101, 100, 0,
8, 1, 2, 1, 102, 100, 100,
7, 2, 1, 1, 99, 99, 102,
2, 1, 1, 0, 103, 99, 0,
7, 1, 1, 0, 103, 103, 7,
31, 0, 1, 1, 5, 100, 101,
5, 1, 0, 0, 100, 0, 0,
5, 1, 0, 0, 103, 0, 0,
2, 2, 2, 0, 103, 100, 0,
21, 0, 0, 0, 4, 0, 0,
7, 2, 2, 0, 99, 99, 7,
8, 1, 1, 0, 99, 99, 2,
19, 2, 0, 0, 0, 0, 0,
46, 2, 206, 0, 101, 0, 0,
46, 100, 667, 102, 0, 0, 0,
3, 1, 1, 0, 100, 2, 0,
29, 0, 1, 0, 3, 100, 21,
2, 1, 0, 0, 101, 0, 0,
20, 0, 0, 0, 2, 0, 0,
2, 1, 0, 0, 101, 1, 0,
27, 0, 1, 0, 3, 101, 0,
2, 1, 0, 0, 102, 1, 0,
20, 0, 0, 0, 2, 0, 0,
2, 1, 0, 0, 102, 0, 0,
13, 0, 0, 0, 1, 0, 0,
4, 2, 1, 0, 3, 102, 0,
5, 1, 0, 0, 99, 0, 0,
2, 2, 1, 0, 99, 102, 0,
19, 2, 0, 0, 0, 0, 0,
46, 0, 667, 0, 6, 0, 0,
46, -1, 0, 0, 0, 0, 0,
