0, 3, 26461, 150, -1, 0, 0,
19, 0, 0, 0, 36, 0, 0,
46, 0, 0, 0, 0, 0, 0,
2, 1, 2, 0, 100, 99, 0,
2, 1, 0, 0, 101, 0, 0,
2, 1, 0, 0, 102, 1, 0,
27, 0, 1, 0, 19, 102, 0,
7, 1, 1, 0, 101, 101, 7,
39, 1, 2, 0, 103, 101, 0,
27, 0, 1, 0, 3, 103, 46,
2, 1, 0, 0, 102, 0, 0,
20, 0, 0, 0, 2, 0, 0,
2, 1, 0, 0, 102, 1, 0,
27, 0, 1, 0, 10, 102, 0,
7, 1, 1, 0, 101, 101, 2,
39, 1, 2, 0, 103, 101, 0,
27, 0, 1, 1, 3, 103, 100,
2, 1, 0, 0, 102, 0, 0,
20, 0, 0, 0, 2, 0, 0,
2, 1, 0, 0, 102, 1, 0,
8, 1, 1, 0, 102, 102, 1,
8, 1, 1, 0, 101, 101, 2,
20, 0, 0, 0, 2, 0, 0,
2, 1, 0, 0, 102, 1, 0,
21, 0, 0, 0, 18, 0, 0,
6, 1, 0, 0, 99, 0, 0,
10, 1, 1, 0, 101, 101, 7,
5, 1, 0, 0, 0, 0, 0,
32, 2, 0, 0, 0, 0, 0,
7, 2, 2, 0, 0, 0, 3,
19, 1, 0, 0, 101, 0, 0,
6, 1, 0, 0, 0, 0, 0,
2, 1, 2, 0, 104, 0, 0,
6, 1, 0, 0, 0, 0, 0,
19, 1, 0, 0, 104, 0, 0,
46, 0, 0, 0, 0, 0, 0,
46, 0, 1, 0, 0, 0, 0,
13, 0, 0, 0, 0, 0, 0,
49, 0, 0, 0, 0, 2, 0,
34, 0, 0, 0, 0, 0, 0,
19, 2, 0, 0, 0, 0, 0,
46, 0, 1, 0, 0, 0, 0,
46, 0, 9999, 0, 0, 0, 0,
2, 1, 1, 0, 100, 99, 0,
5, 2, 0, 0, 100, 0, 0,
6, 1, 0, 0, 99, 0, 0,
2, 1, 2, 0, 101, 99, 0,
5, 1, 0, 0, 99, 0, 0,
5, 1, 0, 0, 101, 0, 0,
5, 2, 0, 0, 101, 0, 0,
2, 3, 0, 0, 101, 19, 0,
5, 2, 0, 0, 101, 0, 0,
2, 3, 0, 0, 101, 2, 0,
5, 2, 0, 0, 101, 0, 0,
2, 3, 0, 0, 101, 0, 0,
5, 2, 0, 0, 101, 0, 0,
2, 3, 0, 0, 101, 0, 0,
5, 2, 0, 0, 101, 0, 0,
2, 3, 0, 0, 101, 0, 0,
5, 2, 0, 0, 101, 0, 0,
2, 3, 0, 0, 101, 0, 0,
5, 2, 0, 0, 101, 0, 0,
2, 3, 0, 0, 101, 0, 0,
19, 2, 0, 0, 0, 0, 0,
46, 0, 9999, 0, 0, 0, 0,
46, 0, 15004, 0, 0, 0, 0,
2, 1, 1, 0, 100, 99, 0,
5, 2, 0, 0, 100, 0, 0,
6, 1, 0, 0, 99, 0, 0,
2, 1, 2, 0, 101, 99, 0,
5, 1, 0, 0, 99, 0, 0,
5, 1, 0, 0, 101, 0, 0,
5, 2, 0, 0, 101, 0, 0,
2, 3, 0, 0, 101, 45, 0,
5, 2, 0, 0, 101, 0, 0,
2, 3, 0, 0, 101, 2, 0,
5, 2, 0, 0, 101, 0, 0,
2, 3, 0, 0, 101, 2, 0,
5, 2, 0, 0, 101, 0, 0,
2, 3, 0, 0, 101, 2, 0,
5, 2, 0, 0, 101, 0, 0,
7, 1, 1, 3, 103, 98, 100,
2, 3, 2, 0, 101, 103, 0,
5, 2, 0, 0, 100, 0, 0,
5, 2, 0, 0, 101, 0, 0,
7, 1, 1, 3, 103, 98, 100,
2, 3, 2, 0, 101, 103, 0,
5, 2, 0, 0, 100, 0, 0,
5, 2, 0, 0, 101, 0, 0,
7, 1, 1, 3, 103, 98, 100,
2, 3, 2, 0, 101, 103, 0,
5, 2, 0, 0, 100, 0, 0,
19, 2, 0, 0, 0, 0, 0,
46, 0, 15004, 0, 0, 0, 0,
46, 0, 15003, 0, 0, 0, 0,
2, 1, 1, 0, 100, 99, 0,
5, 2, 0, 0, 100, 0, 0,
6, 1, 0, 0, 99, 0, 0,
2, 1, 2, 0, 101, 99, 0,
5, 1, 0, 0, 99, 0, 0,
5, 1, 0, 0, 101, 0, 0,
5, 2, 0, 0, 101, 0, 0,
2, 3, 0, 0, 101, 2, 0,
5, 2, 0, 0, 101, 0, 0,
2, 3, 0, 0, 101, 1, 0,
5, 2, 0, 0, 101, 0, 0,
2, 3, 0, 0, 101, 1, 0,
5, 2, 0, 0, 101, 0, 0,
2, 3, 0, 0, 101, 0, 0,
5, 2, 0, 0, 101, 0, 0,
7, 1, 1, 3, 103, 98, 100,
2, 3, 2, 0, 101, 103, 0,
5, 2, 0, 0, 100, 0, 0,
5, 2, 0, 0, 101, 0, 0,
2, 3, 0, 0, 101, 99, 0,
5, 2, 0, 0, 101, 0, 0,
2, 3, 0, 0, 101, 0, 0,
19, 2, 0, 0, 0, 0, 0,
46, 0, 15003, 0, 0, 0, 0,
46, 0, 15002, 0, 0, 0, 0,
2, 1, 1, 0, 100, 99, 0,
5, 2, 0, 0, 100, 0, 0,
6, 1, 0, 0, 99, 0, 0,
2, 1, 2, 0, 101, 99, 0,
5, 1, 0, 0, 99, 0, 0,
5, 1, 0, 0, 101, 0, 0,
5, 2, 0, 0, 101, 0, 0,
2, 3, 0, 0, 101, 2, 0,
5, 2, 0, 0, 101, 0, 0,
2, 3, 0, 0, 101, 1, 0,
5, 2, 0, 0, 101, 0, 0,
2, 3, 0, 0, 101, 2, 0,
5, 2, 0, 0, 101, 0, 0,
2, 3, 0, 0, 101, 0, 0,
5, 2, 0, 0, 101, 0, 0,
7, 1, 1, 3, 103, 98, 100,
2, 3, 2, 0, 101, 103, 0,
5, 2, 0, 0, 100, 0, 0,
5, 2, 0, 0, 101, 0, 0,
2, 3, 0, 0, 101, 0, 0,
5, 2, 0, 0, 101, 0, 0,
2, 3, 0, 0, 101, 0, 0,
19, 2, 0, 0, 0, 0, 0,
46, 0, 15002, 0, 0, 0, 0,
46, 0, 15001, 0, 0, 0, 0,
2, 1, 1, 0, 100, 99, 0,
5, 2, 0, 0, 100, 0, 0,
6, 1, 0, 0, 99, 0, 0,
2, 1, 2, 0, 101, 99, 0,
5, 1, 0, 0, 99, 0, 0,
5, 1, 0, 0, 101, 0, 0,
5, 2, 0, 0, 101, 0, 0,
2, 3, 0, 0, 101, 7, 0,
5, 2, 0, 0, 101, 0, 0,
2, 3, 0, 0, 101, 2, 0,
5, 2, 0, 0, 101, 0, 0,
2, 3, 0, 0, 101, 2, 0,
5, 2, 0, 0, 101, 0, 0,
2, 3, 0, 0, 101, 0, 0,
5, 2, 0, 0, 101, 0, 0,
2, 3, 0, 0, 101, 0, 0,
5, 2, 0, 0, 101, 0, 0,
2, 3, 0, 0, 101, 0, 0,
5, 2, 0, 0, 101, 0, 0,
2, 3, 0, 0, 101, 3, 0,
19, 2, 0, 0, 0, 0, 0,
46, 0, 15001, 0, 0, 0, 0,
46, 0, 15000, 0, 0, 0, 0,
2, 1, 1, 0, 100, 99, 0,
5, 2, 0, 0, 100, 0, 0,
6, 1, 0, 0, 99, 0, 0,
2, 1, 2, 0, 101, 99, 0,
5, 1, 0, 0, 99, 0, 0,
5, 1, 0, 0, 101, 0, 0,
5, 2, 0, 0, 101, 0, 0,
2, 3, 0, 0, 101, 32, 0,
5, 2, 0, 0, 101, 0, 0,
2, 3, 0, 0, 101, 2, 0,
5, 2, 0, 0, 101, 0, 0,
2, 3, 0, 0, 101, 0, 0,
5, 2, 0, 0, 101, 0, 0,
2, 3, 0, 0, 101, 0, 0,
5, 2, 0, 0, 101, 0, 0,
2, 3, 0, 0, 101, 0, 0,
5, 2, 0, 0, 101, 0, 0,
2, 3, 0, 0, 101, 0, 0,
5, 2, 0, 0, 101, 0, 0,
2, 3, 0, 0, 101, 0, 0,
19, 2, 0, 0, 0, 0, 0,
46, 0, 15000, 0, 0, 0, 0,
46, 0, 14311, 0, 0, 0, 0,
2, 1, 1, 0, 100, 99, 0,
5, 2, 0, 0, 100, 0, 0,
6, 1, 0, 0, 99, 0, 0,
2, 1, 2, 0, 101, 99, 0,
5, 1, 0, 0, 99, 0, 0,
5, 1, 0, 0, 101, 0, 0,
5, 2, 0, 0, 101, 0, 0,
2, 3, 0, 0, 101, 5, 0,
5, 2, 0, 0, 101, 0, 0,
2, 3, 0, 0, 101, 2, 0,
5, 2, 0, 0, 101, 0, 0,
2, 3, 0, 0, 101, 0, 0,
5, 2, 0, 0, 101, 0, 0,
2, 3, 0, 0, 101, 0, 0,
5, 2, 0, 0, 101, 0, 0,
2, 3, 0, 0, 101, 101, 0,
5, 2, 0, 0, 101, 0, 0,
2, 3, 0, 0, 101, 0, 0,
5, 2, 0, 0, 101, 0, 0,
2, 3, 0, 0, 101, 0, 0,
5, 2, 0, 0, 101, 0, 0,
2, 3, 0, 0, 101, 2, 0,
5, 2, 0, 0, 101, 0, 0,
2, 3, 0, 0, 101, 3, 0,
5, 2, 0, 0, 101, 0, 0,
2, 3, 0, 0, 101, 2, 0,
5, 2, 0, 0, 101, 0, 0,
2, 3, 0, 0, 101, 0, 0,
5, 2, 0, 0, 101, 0, 0,
2, 3, 0, 0, 101, 101, 0,
5, 2, 0, 0, 101, 0, 0,
2, 3, 0, 0, 101, 103, 0,
5, 2, 0, 0, 101, 0, 0,
2, 3, 0, 0, 101, 0, 0,
19, 2, 0, 0, 0, 0, 0,
46, 0, 14311, 0, 0, 0, 0,
46, 0, 14310, 0, 0, 0, 0,
2, 1, 1, 0, 100, 99, 0,
5, 2, 0, 0, 100, 0, 0,
6, 1, 0, 0, 99, 0, 0,
2, 1, 2, 0, 101, 99, 0,
5, 1, 0, 0, 99, 0, 0,
5, 1, 0, 0, 101, 0, 0,
5, 2, 0, 0, 101, 0, 0,
2, 3, 0, 0, 101, 5, 0,
5, 2, 0, 0, 101, 0, 0,
2, 3, 0, 0, 101, 2, 0,
5, 2, 0, 0, 101, 0, 0,
2, 3, 0, 0, 101, 0, 0,
5, 2, 0, 0, 101, 0, 0,
2, 3, 0, 0, 101, 0, 0,
5, 2, 0, 0, 101, 0, 0,
2, 3, 0, 0, 101, 101, 0,
5, 2, 0, 0, 101, 0, 0,
2, 3, 0, 0, 101, 0, 0,
5, 2, 0, 0, 101, 0, 0,
2, 3, 0, 0, 101, 0, 0,
5, 2, 0, 0, 101, 0, 0,
2, 3, 0, 0, 101, 7, 0,
5, 2, 0, 0, 101, 0, 0,
2, 3, 0, 0, 101, 1, 0,
5, 2, 0, 0, 101, 0, 0,
2, 3, 0, 0, 101, 1, 0,
5, 2, 0, 0, 101, 0, 0,
2, 3, 0, 0, 101, 3, 0,
5, 2, 0, 0, 101, 0, 0,
2, 3, 0, 0, 101, 103, 0,
5, 2, 0, 0, 101, 0, 0,
2, 3, 0, 0, 101, 98, 0,
5, 2, 0, 0, 101, 0, 0,
2, 3, 0, 0, 101, 100, 0,
5, 2, 0, 0, 101, 0, 0,
2, 3, 0, 0, 101, 2, 0,
5, 2, 0, 0, 101, 0, 0,
2, 3, 0, 0, 101, 3, 0,
5, 2, 0, 0, 101, 0, 0,
2, 3, 0, 0, 101, 2, 0,
5, 2, 0, 0, 101, 0, 0,
2, 3, 0, 0, 101, 0, 0,
5, 2, 0, 0, 101, 0, 0,
2, 3, 0, 0, 101, 101, 0,
5, 2, 0, 0, 101, 0, 0,
2, 3, 0, 0, 101, 103, 0,
5, 2, 0, 0, 101, 0, 0,
2, 3, 0, 0, 101, 0, 0,
5, 2, 0, 0, 101, 0, 0,
2, 3, 0, 0, 101, 5, 0,
5, 2, 0, 0, 101, 0, 0,
2, 3, 0, 0, 101, 2, 0,
5, 2, 0, 0, 101, 0, 0,
2, 3, 0, 0, 101, 0, 0,
5, 2, 0, 0, 101, 0, 0,
2, 3, 0, 0, 101, 0, 0,
5, 2, 0, 0, 101, 0, 0,
2, 3, 0, 0, 101, 100, 0,
5, 2, 0, 0, 101, 0, 0,
2, 3, 0, 0, 101, 0, 0,
5, 2, 0, 0, 101, 0, 0,
2, 3, 0, 0, 101, 0, 0,
19, 2, 0, 0, 0, 0, 0,
46, 0, 14310, 0, 0, 0, 0,
46, 0, 14301, 0, 0, 0, 0,
2, 1, 1, 0, 100, 99, 0,
5, 2, 0, 0, 100, 0, 0,
6, 1, 0, 0, 99, 0, 0,
2, 1, 2, 0, 101, 99, 0,
5, 1, 0, 0, 99, 0, 0,
5, 1, 0, 0, 101, 0, 0,
5, 2, 0, 0, 101, 0, 0,
2, 3, 0, 0, 101, 5, 0,
5, 2, 0, 0, 101, 0, 0,
2, 3, 0, 0, 101, 2, 0,
5, 2, 0, 0, 101, 0, 0,
2, 3, 0, 0, 101, 0, 0,
5, 2, 0, 0, 101, 0, 0,
2, 3, 0, 0, 101, 0, 0,
5, 2, 0, 0, 101, 0, 0,
2, 3, 0, 0, 101, 101, 0,
5, 2, 0, 0, 101, 0, 0,
2, 3, 0, 0, 101, 0, 0,
5, 2, 0, 0, 101, 0, 0,
2, 3, 0, 0, 101, 0, 0,
5, 2, 0, 0, 101, 0, 0,
2, 3, 0, 0, 101, 2, 0,
5, 2, 0, 0, 101, 0, 0,
2, 3, 0, 0, 101, 3, 0,
5, 2, 0, 0, 101, 0, 0,
2, 3, 0, 0, 101, 3, 0,
5, 2, 0, 0, 101, 0, 0,
2, 3, 0, 0, 101, 0, 0,
5, 2, 0, 0, 101, 0, 0,
2, 3, 0, 0, 101, 101, 0,
5, 2, 0, 0, 101, 0, 0,
2, 3, 0, 0, 101, 100, 0,
5, 2, 0, 0, 101, 0, 0,
2, 3, 0, 0, 101, 0, 0,
19, 2, 0, 0, 0, 0, 0,
46, 0, 14301, 0, 0, 0, 0,
46, 0, 14300, 0, 0, 0, 0,
2, 1, 1, 0, 100, 99, 0,
5, 2, 0, 0, 100, 0, 0,
6, 1, 0, 0, 99, 0, 0,
2, 1, 2, 0, 101, 99, 0,
5, 1, 0, 0, 99, 0, 0,
5, 1, 0, 0, 101, 0, 0,
5, 2, 0, 0, 101, 0, 0,
2, 3, 0, 0, 101, 5, 0,
5, 2, 0, 0, 101, 0, 0,
2, 3, 0, 0, 101, 2, 0,
5, 2, 0, 0, 101, 0, 0,
2, 3, 0, 0, 101, 0, 0,
5, 2, 0, 0, 101, 0, 0,
2, 3, 0, 0, 101, 0, 0,
5, 2, 0, 0, 101, 0, 0,
2, 3, 0, 0, 101, 101, 0,
5, 2, 0, 0, 101, 0, 0,
2, 3, 0, 0, 101, 0, 0,
5, 2, 0, 0, 101, 0, 0,
2, 3, 0, 0, 101, 0, 0,
5, 2, 0, 0, 101, 0, 0,
2, 3, 0, 0, 101, 2, 0,
5, 2, 0, 0, 101, 0, 0,
2, 3, 0, 0, 101, 3, 0,
5, 2, 0, 0, 101, 0, 0,
2, 3, 0, 0, 101, 3, 0,
5, 2, 0, 0, 101, 0, 0,
2, 3, 0, 0, 101, 0, 0,
5, 2, 0, 0, 101, 0, 0,
2, 3, 0, 0, 101, 101, 0,
5, 2, 0, 0, 101, 0, 0,
2, 3, 0, 0, 101, 100, 0,
5, 2, 0, 0, 101, 0, 0,
2, 3, 0, 0, 101, 0, 0,
5, 2, 0, 0, 101, 0, 0,
2, 3, 0, 0, 101, 5, 0,
5, 2, 0, 0, 101, 0, 0,
2, 3, 0, 0, 101, 2, 0,
5, 2, 0, 0, 101, 0, 0,
2, 3, 0, 0, 101, 0, 0,
5, 2, 0, 0, 101, 0, 0,
2, 3, 0, 0, 101, 0, 0,
5, 2, 0, 0, 101, 0, 0,
2, 3, 0, 0, 101, 100, 0,
5, 2, 0, 0, 101, 0, 0,
2, 3, 0, 0, 101, 0, 0,
5, 2, 0, 0, 101, 0, 0,
2, 3, 0, 0, 101, 0, 0,
19, 2, 0, 0, 0, 0, 0,
46, 0, 14300, 0, 0, 0, 0,
46, 0, 14201, 0, 0, 0, 0,
2, 1, 1, 0, 100, 99, 0,
5, 2, 0, 0, 100, 0, 0,
6, 1, 0, 0, 99, 0, 0,
2, 1, 2, 0, 101, 99, 0,
5, 1, 0, 0, 99, 0, 0,
5, 1, 0, 0, 101, 0, 0,
5, 2, 0, 0, 101, 0, 0,
2, 3, 0, 0, 101, 5, 0,
5, 2, 0, 0, 101, 0, 0,
2, 3, 0, 0, 101, 2, 0,
5, 2, 0, 0, 101, 0, 0,
2, 3, 0, 0, 101, 0, 0,
5, 2, 0, 0, 101, 0, 0,
2, 3, 0, 0, 101, 0, 0,
5, 2, 0, 0, 101, 0, 0,
2, 3, 0, 0, 101, 101, 0,
5, 2, 0, 0, 101, 0, 0,
2, 3, 0, 0, 101, 0, 0,
5, 2, 0, 0, 101, 0, 0,
2, 3, 0, 0, 101, 0, 0,
5, 2, 0, 0, 101, 0, 0,
2, 3, 0, 0, 101, 2, 0,
5, 2, 0, 0, 101, 0, 0,
2, 3, 0, 0, 101, 3, 0,
5, 2, 0, 0, 101, 0, 0,
2, 3, 0, 0, 101, 0, 0,
5, 2, 0, 0, 101, 0, 0,
2, 3, 0, 0, 101, 0, 0,
5, 2, 0, 0, 101, 0, 0,
2, 3, 0, 0, 101, 101, 0,
5, 2, 0, 0, 101, 0, 0,
2, 3, 0, 0, 101, 2, 0,
5, 2, 0, 0, 101, 0, 0,
2, 3, 0, 0, 101, 0, 0,
19, 2, 0, 0, 0, 0, 0,
46, 0, 14201, 0, 0, 0, 0,
46, 0, 14200, 0, 0, 0, 0,
2, 1, 1, 0, 100, 99, 0,
5, 2, 0, 0, 100, 0, 0,
6, 1, 0, 0, 99, 0, 0,
2, 1, 2, 0, 101, 99, 0,
5, 1, 0, 0, 99, 0, 0,
5, 1, 0, 0, 101, 0, 0,
5, 2, 0, 0, 101, 0, 0,
2, 3, 0, 0, 101, 5, 0,
5, 2, 0, 0, 101, 0, 0,
2, 3, 0, 0, 101, 2, 0,
5, 2, 0, 0, 101, 0, 0,
2, 3, 0, 0, 101, 0, 0,
5, 2, 0, 0, 101, 0, 0,
2, 3, 0, 0, 101, 0, 0,
5, 2, 0, 0, 101, 0, 0,
2, 3, 0, 0, 101, 101, 0,
5, 2, 0, 0, 101, 0, 0,
2, 3, 0, 0, 101, 0, 0,
5, 2, 0, 0, 101, 0, 0,
2, 3, 0, 0, 101, 0, 0,
5, 2, 0, 0, 101, 0, 0,
2, 3, 0, 0, 101, 2, 0,
5, 2, 0, 0, 101, 0, 0,
2, 3, 0, 0, 101, 3, 0,
5, 2, 0, 0, 101, 0, 0,
2, 3, 0, 0, 101, 0, 0,
5, 2, 0, 0, 101, 0, 0,
2, 3, 0, 0, 101, 0, 0,
5, 2, 0, 0, 101, 0, 0,
2, 3, 0, 0, 101, 101, 0,
5, 2, 0, 0, 101, 0, 0,
2, 3, 3, 0, 101, 100, 0,
5, 2, 0, 0, 100, 0, 0,
5, 2, 0, 0, 101, 0, 0,
2, 3, 0, 0, 101, 0, 0,
19, 2, 0, 0, 0, 0, 0,
46, 0, 14200, 0, 0, 0, 0,
46, 0, 14104, 0, 0, 0, 0,
2, 1, 1, 0, 100, 99, 0,
5, 2, 0, 0, 100, 0, 0,
6, 1, 0, 0, 99, 0, 0,
2, 1, 2, 0, 101, 99, 0,
5, 1, 0, 0, 99, 0, 0,
5, 1, 0, 0, 101, 0, 0,
5, 2, 0, 0, 101, 0, 0,
2, 3, 0, 0, 101, 5, 0,
5, 2, 0, 0, 101, 0, 0,
2, 3, 0, 0, 101, 2, 0,
5, 2, 0, 0, 101, 0, 0,
2, 3, 0, 0, 101, 0, 0,
5, 2, 0, 0, 101, 0, 0,
2, 3, 0, 0, 101, 0, 0,
5, 2, 0, 0, 101, 0, 0,
2, 3, 0, 0, 101, 101, 0,
5, 2, 0, 0, 101, 0, 0,
2, 3, 0, 0, 101, 0, 0,
5, 2, 0, 0, 101, 0, 0,
2, 3, 0, 0, 101, 0, 0,
5, 2, 0, 0, 101, 0, 0,
2, 3, 0, 0, 101, 2, 0,
5, 2, 0, 0, 101, 0, 0,
2, 3, 0, 0, 101, 3, 0,
5, 2, 0, 0, 101, 0, 0,
2, 3, 0, 0, 101, 0, 0,
5, 2, 0, 0, 101, 0, 0,
2, 3, 0, 0, 101, 0, 0,
5, 2, 0, 0, 101, 0, 0,
2, 3, 0, 0, 101, 101, 0,
5, 2, 0, 0, 101, 0, 0,
2, 3, 0, 0, 101, 3, 0,
5, 2, 0, 0, 101, 0, 0,
2, 3, 0, 0, 101, 0, 0,
19, 2, 0, 0, 0, 0, 0,
46, 0, 14104, 0, 0, 0, 0,
46, 0, 14103, 0, 0, 0, 0,
2, 1, 1, 0, 100, 99, 0,
5, 2, 0, 0, 100, 0, 0,
6, 1, 0, 0, 99, 0, 0,
2, 1, 2, 0, 101, 99, 0,
5, 1, 0, 0, 99, 0, 0,
5, 1, 0, 0, 101, 0, 0,
5, 2, 0, 0, 101, 0, 0,
2, 3, 0, 0, 101, 5, 0,
5, 2, 0, 0, 101, 0, 0,
2, 3, 0, 0, 101, 2, 0,
5, 2, 0, 0, 101, 0, 0,
2, 3, 0, 0, 101, 0, 0,
5, 2, 0, 0, 101, 0, 0,
2, 3, 0, 0, 101, 0, 0,
5, 2, 0, 0, 101, 0, 0,
2, 3, 0, 0, 101, 101, 0,
5, 2, 0, 0, 101, 0, 0,
2, 3, 0, 0, 101, 0, 0,
5, 2, 0, 0, 101, 0, 0,
2, 3, 0, 0, 101, 0, 0,
5, 2, 0, 0, 101, 0, 0,
2, 3, 0, 0, 101, 2, 0,
5, 2, 0, 0, 101, 0, 0,
2, 3, 0, 0, 101, 3, 0,
5, 2, 0, 0, 101, 0, 0,
2, 3, 0, 0, 101, 0, 0,
5, 2, 0, 0, 101, 0, 0,
2, 3, 0, 0, 101, 0, 0,
5, 2, 0, 0, 101, 0, 0,
2, 3, 0, 0, 101, 101, 0,
5, 2, 0, 0, 101, 0, 0,
2, 3, 0, 0, 101, 2, 0,
5, 2, 0, 0, 101, 0, 0,
2, 3, 0, 0, 101, 0, 0,
19, 2, 0, 0, 0, 0, 0,
46, 0, 14103, 0, 0, 0, 0,
46, 0, 14102, 0, 0, 0, 0,
2, 1, 1, 0, 100, 99, 0,
5, 2, 0, 0, 100, 0, 0,
6, 1, 0, 0, 99, 0, 0,
2, 1, 2, 0, 101, 99, 0,
5, 1, 0, 0, 99, 0, 0,
5, 1, 0, 0, 101, 0, 0,
5, 2, 0, 0, 101, 0, 0,
2, 3, 0, 0, 101, 5, 0,
5, 2, 0, 0, 101, 0, 0,
2, 3, 0, 0, 101, 2, 0,
5, 2, 0, 0, 101, 0, 0,
2, 3, 0, 0, 101, 0, 0,
5, 2, 0, 0, 101, 0, 0,
2, 3, 0, 0, 101, 0, 0,
5, 2, 0, 0, 101, 0, 0,
2, 3, 0, 0, 101, 101, 0,
5, 2, 0, 0, 101, 0, 0,
2, 3, 0, 0, 101, 0, 0,
5, 2, 0, 0, 101, 0, 0,
2, 3, 0, 0, 101, 0, 0,
5, 2, 0, 0, 101, 0, 0,
2, 3, 0, 0, 101, 2, 0,
5, 2, 0, 0, 101, 0, 0,
2, 3, 0, 0, 101, 3, 0,
5, 2, 0, 0, 101, 0, 0,
2, 3, 0, 0, 101, 0, 0,
5, 2, 0, 0, 101, 0, 0,
2, 3, 0, 0, 101, 0, 0,
5, 2, 0, 0, 101, 0, 0,
2, 3, 0, 0, 101, 101, 0,
5, 2, 0, 0, 101, 0, 0,
2, 3, 0, 0, 101, 1, 0,
5, 2, 0, 0, 101, 0, 0,
2, 3, 0, 0, 101, 0, 0,
19, 2, 0, 0, 0, 0, 0,
46, 0, 14102, 0, 0, 0, 0,
46, 0, 14101, 0, 0, 0, 0,
2, 1, 1, 0, 100, 99, 0,
5, 2, 0, 0, 100, 0, 0,
6, 1, 0, 0, 99, 0, 0,
2, 1, 2, 0, 101, 99, 0,
5, 1, 0, 0, 99, 0, 0,
5, 1, 0, 0, 101, 0, 0,
5, 2, 0, 0, 101, 0, 0,
2, 3, 0, 0, 101, 5, 0,
5, 2, 0, 0, 101, 0, 0,
2, 3, 0, 0, 101, 2, 0,
5, 2, 0, 0, 101, 0, 0,
2, 3, 0, 0, 101, 0, 0,
5, 2, 0, 0, 101, 0, 0,
2, 3, 0, 0, 101, 0, 0,
5, 2, 0, 0, 101, 0, 0,
2, 3, 0, 0, 101, 101, 0,
5, 2, 0, 0, 101, 0, 0,
2, 3, 0, 0, 101, 0, 0,
5, 2, 0, 0, 101, 0, 0,
2, 3, 0, 0, 101, 0, 0,
5, 2, 0, 0, 101, 0, 0,
2, 3, 0, 0, 101, 2, 0,
5, 2, 0, 0, 101, 0, 0,
2, 3, 0, 0, 101, 3, 0,
5, 2, 0, 0, 101, 0, 0,
2, 3, 0, 0, 101, 0, 0,
5, 2, 0, 0, 101, 0, 0,
2, 3, 0, 0, 101, 0, 0,
5, 2, 0, 0, 101, 0, 0,
2, 3, 0, 0, 101, 101, 0,
5, 2, 0, 0, 101, 0, 0,
2, 3, 0, 0, 101, 0, 0,
5, 2, 0, 0, 101, 0, 0,
2, 3, 0, 0, 101, 0, 0,
19, 2, 0, 0, 0, 0, 0,
46, 0, 14101, 0, 0, 0, 0,
46, 0, 14100, 0, 0, 0, 0,
2, 1, 1, 0, 100, 99, 0,
5, 2, 0, 0, 100, 0, 0,
6, 1, 0, 0, 99, 0, 0,
2, 1, 2, 0, 101, 99, 0,
5, 1, 0, 0, 99, 0, 0,
5, 1, 0, 0, 101, 0, 0,
5, 2, 0, 0, 101, 0, 0,
2, 3, 0, 0, 101, 5, 0,
5, 2, 0, 0, 101, 0, 0,
2, 3, 0, 0, 101, 2, 0,
5, 2, 0, 0, 101, 0, 0,
2, 3, 0, 0, 101, 0, 0,
5, 2, 0, 0, 101, 0, 0,
2, 3, 0, 0, 101, 0, 0,
5, 2, 0, 0, 101, 0, 0,
2, 3, 0, 0, 101, 101, 0,
5, 2, 0, 0, 101, 0, 0,
2, 3, 0, 0, 101, 0, 0,
5, 2, 0, 0, 101, 0, 0,
2, 3, 0, 0, 101, 0, 0,
5, 2, 0, 0, 101, 0, 0,
2, 3, 0, 0, 101, 2, 0,
5, 2, 0, 0, 101, 0, 0,
2, 3, 0, 0, 101, 3, 0,
5, 2, 0, 0, 101, 0, 0,
2, 3, 0, 0, 101, 0, 0,
5, 2, 0, 0, 101, 0, 0,
2, 3, 0, 0, 101, 0, 0,
5, 2, 0, 0, 101, 0, 0,
2, 3, 0, 0, 101, 101, 0,
5, 2, 0, 0, 101, 0, 0,
2, 3, 3, 0, 101, 100, 0,
5, 2, 0, 0, 100, 0, 0,
5, 2, 0, 0, 101, 0, 0,
2, 3, 0, 0, 101, 0, 0,
19, 2, 0, 0, 0, 0, 0,
46, 0, 14100, 0, 0, 0, 0,
46, 0, 14010, 0, 0, 0, 0,
2, 1, 1, 0, 100, 99, 0,
5, 2, 0, 0, 100, 0, 0,
6, 1, 0, 0, 99, 0, 0,
2, 1, 2, 0, 101, 99, 0,
5, 1, 0, 0, 99, 0, 0,
5, 1, 0, 0, 101, 0, 0,
5, 2, 0, 0, 101, 0, 0,
2, 3, 0, 0, 101, 6, 0,
5, 2, 0, 0, 101, 0, 0,
2, 3, 0, 0, 101, 1, 0,
5, 2, 0, 0, 101, 0, 0,
2, 3, 0, 0, 101, 0, 0,
5, 2, 0, 0, 101, 0, 0,
2, 3, 0, 0, 101, 0, 0,
5, 2, 0, 0, 101, 0, 0,
2, 3, 0, 0, 101, 99, 0,
5, 2, 0, 0, 101, 0, 0,
2, 3, 0, 0, 101, 0, 0,
5, 2, 0, 0, 101, 0, 0,
2, 3, 0, 0, 101, 0, 0,
5, 2, 0, 0, 101, 0, 0,
2, 3, 0, 0, 101, 2, 0,
5, 2, 0, 0, 101, 0, 0,
2, 3, 0, 0, 101, 1, 0,
5, 2, 0, 0, 101, 0, 0,
2, 3, 0, 0, 101, 2, 0,
5, 2, 0, 0, 101, 0, 0,
2, 3, 0, 0, 101, 0, 0,
5, 2, 0, 0, 101, 0, 0,
2, 3, 0, 0, 101, 101, 0,
5, 2, 0, 0, 101, 0, 0,
2, 3, 0, 0, 101, 99, 0,
5, 2, 0, 0, 101, 0, 0,
2, 3, 0, 0, 101, 0, 0,
5, 2, 0, 0, 101, 0, 0,
2, 3, 0, 0, 101, 5, 0,
5, 2, 0, 0, 101, 0, 0,
2, 3, 0, 0, 101, 1, 0,
5, 2, 0, 0, 101, 0, 0,
2, 3, 0, 0, 101, 0, 0,
5, 2, 0, 0, 101, 0, 0,
2, 3, 0, 0, 101, 0, 0,
5, 2, 0, 0, 101, 0, 0,
2, 3, 0, 0, 101, 99, 0,
5, 2, 0, 0, 101, 0, 0,
2, 3, 0, 0, 101, 0, 0,
5, 2, 0, 0, 101, 0, 0,
2, 3, 0, 0, 101, 0, 0,
5, 2, 0, 0, 101, 0, 0,
2, 3, 0, 0, 101, 5, 0,
5, 2, 0, 0, 101, 0, 0,
2, 3, 0, 0, 101, 1, 0,
5, 2, 0, 0, 101, 0, 0,
2, 3, 0, 0, 101, 0, 0,
5, 2, 0, 0, 101, 0, 0,
2, 3, 0, 0, 101, 0, 0,
5, 2, 0, 0, 101, 0, 0,
2, 3, 0, 0, 101, 101, 0,
5, 2, 0, 0, 101, 0, 0,
2, 3, 0, 0, 101, 0, 0,
5, 2, 0, 0, 101, 0, 0,
2, 3, 0, 0, 101, 0, 0,
19, 2, 0, 0, 0, 0, 0,
46, 0, 14010, 0, 0, 0, 0,
46, 0, 14000, 0, 0, 0, 0,
2, 1, 1, 0, 100, 99, 0,
5, 2, 0, 0, 100, 0, 0,
6, 1, 0, 0, 99, 0, 0,
2, 1, 2, 0, 101, 99, 0,
5, 1, 0, 0, 99, 0, 0,
5, 1, 0, 0, 101, 0, 0,
5, 2, 0, 0, 101, 0, 0,
2, 3, 0, 0, 101, 2, 0,
5, 2, 0, 0, 101, 0, 0,
2, 3, 0, 0, 101, 1, 0,
5, 2, 0, 0, 101, 0, 0,
2, 3, 0, 0, 101, 1, 0,
5, 2, 0, 0, 101, 0, 0,
2, 3, 0, 0, 101, 0, 0,
5, 2, 0, 0, 101, 0, 0,
2, 3, 0, 0, 101, 100, 0,
5, 2, 0, 0, 101, 0, 0,
2, 3, 0, 0, 101, 99, 0,
5, 2, 0, 0, 101, 0, 0,
2, 3, 0, 0, 101, 0, 0,
5, 2, 0, 0, 101, 0, 0,
2, 3, 0, 0, 101, 5, 0,
5, 2, 0, 0, 101, 0, 0,
2, 3, 0, 0, 101, 2, 0,
5, 2, 0, 0, 101, 0, 0,
2, 3, 0, 0, 101, 0, 0,
5, 2, 0, 0, 101, 0, 0,
2, 3, 0, 0, 101, 0, 0,
5, 2, 0, 0, 101, 0, 0,
2, 3, 0, 0, 101, 100, 0,
5, 2, 0, 0, 101, 0, 0,
2, 3, 0, 0, 101, 0, 0,
5, 2, 0, 0, 101, 0, 0,
2, 3, 0, 0, 101, 0, 0,
19, 2, 0, 0, 0, 0, 0,
46, 0, 14000, 0, 0, 0, 0,
46, 0, 14999, 0, 0, 0, 0,
2, 1, 1, 0, 100, 99, 0,
5, 2, 0, 0, 100, 0, 0,
6, 1, 0, 0, 99, 0, 0,
2, 1, 2, 0, 101, 99, 0,
5, 1, 0, 0, 99, 0, 0,
5, 1, 0, 0, 101, 0, 0,
5, 2, 0, 0, 101, 0, 0,
2, 3, 0, 0, 101, 34, 0,
5, 2, 0, 0, 101, 0, 0,
2, 3, 0, 0, 101, 0, 0,
5, 2, 0, 0, 101, 0, 0,
2, 3, 0, 0, 101, 0, 0,
5, 2, 0, 0, 101, 0, 0,
2, 3, 0, 0, 101, 0, 0,
5, 2, 0, 0, 101, 0, 0,
2, 3, 0, 0, 101, 0, 0,
5, 2, 0, 0, 101, 0, 0,
2, 3, 0, 0, 101, 0, 0,
5, 2, 0, 0, 101, 0, 0,
2, 3, 0, 0, 101, 0, 0,
19, 2, 0, 0, 0, 0, 0,
46, 0, 14999, 0, 0, 0, 0,
46, 0, 13200, 0, 0, 0, 0,
2, 1, 1, 0, 100, 99, 0,
5, 2, 0, 0, 100, 0, 0,
6, 1, 0, 0, 99, 0, 0,
2, 1, 2, 0, 101, 99, 0,
5, 1, 0, 0, 99, 0, 0,
5, 1, 0, 0, 101, 0, 0,
5, 2, 0, 0, 101, 0, 0,
2, 3, 0, 0, 101, 17, 0,
5, 2, 0, 0, 101, 0, 0,
2, 3, 0, 0, 101, 1, 0,
5, 2, 0, 0, 101, 0, 0,
2, 3, 0, 0, 101, 1, 0,
5, 2, 0, 0, 101, 0, 0,
2, 3, 0, 0, 101, 0, 0,
5, 2, 0, 0, 101, 0, 0,
7, 1, 1, 3, 103, 98, 100,
2, 3, 2, 0, 101, 103, 0,
5, 2, 0, 0, 100, 0, 0,
5, 2, 0, 0, 101, 0, 0,
7, 1, 1, 3, 103, 98, 100,
2, 3, 2, 0, 101, 103, 0,
5, 2, 0, 0, 100, 0, 0,
5, 2, 0, 0, 101, 0, 0,
2, 3, 0, 0, 101, 0, 0,
19, 2, 0, 0, 0, 0, 0,
46, 0, 13200, 0, 0, 0, 0,
46, 0, 13100, 0, 0, 0, 0,
2, 1, 1, 0, 100, 99, 0,
5, 2, 0, 0, 100, 0, 0,
6, 1, 0, 0, 99, 0, 0,
2, 1, 2, 0, 101, 99, 0,
5, 1, 0, 0, 99, 0, 0,
5, 1, 0, 0, 101, 0, 0,
5, 2, 0, 0, 101, 0, 0,
2, 3, 0, 0, 101, 15, 0,
5, 2, 0, 0, 101, 0, 0,
2, 3, 0, 0, 101, 1, 0,
5, 2, 0, 0, 101, 0, 0,
2, 3, 0, 0, 101, 1, 0,
5, 2, 0, 0, 101, 0, 0,
2, 3, 0, 0, 101, 0, 0,
5, 2, 0, 0, 101, 0, 0,
7, 1, 1, 3, 103, 98, 100,
2, 3, 2, 0, 101, 103, 0,
5, 2, 0, 0, 100, 0, 0,
5, 2, 0, 0, 101, 0, 0,
7, 1, 1, 3, 103, 98, 100,
2, 3, 2, 0, 101, 103, 0,
5, 2, 0, 0, 100, 0, 0,
5, 2, 0, 0, 101, 0, 0,
2, 3, 0, 0, 101, 0, 0,
19, 2, 0, 0, 0, 0, 0,
46, 0, 13100, 0, 0, 0, 0,
46, 0, 13001, 0, 0, 0, 0,
2, 1, 1, 0, 100, 99, 0,
5, 2, 0, 0, 100, 0, 0,
6, 1, 0, 0, 99, 0, 0,
2, 1, 2, 0, 101, 99, 0,
5, 1, 0, 0, 99, 0, 0,
5, 1, 0, 0, 101, 0, 0,
5, 2, 0, 0, 101, 0, 0,
2, 3, 0, 0, 101, 16, 0,
5, 2, 0, 0, 101, 0, 0,
2, 3, 0, 0, 101, 1, 0,
5, 2, 0, 0, 101, 0, 0,
2, 3, 0, 0, 101, 0, 0,
5, 2, 0, 0, 101, 0, 0,
2, 3, 0, 0, 101, 0, 0,
5, 2, 0, 0, 101, 0, 0,
7, 1, 1, 3, 103, 98, 100,
2, 3, 2, 0, 101, 103, 0,
5, 2, 0, 0, 100, 0, 0,
5, 2, 0, 0, 101, 0, 0,
2, 3, 0, 0, 101, 0, 0,
5, 2, 0, 0, 101, 0, 0,
2, 3, 0, 0, 101, 0, 0,
19, 2, 0, 0, 0, 0, 0,
46, 0, 13001, 0, 0, 0, 0,
46, 0, 13000, 0, 0, 0, 0,
2, 1, 1, 0, 100, 99, 0,
5, 2, 0, 0, 100, 0, 0,
6, 1, 0, 0, 99, 0, 0,
2, 1, 2, 0, 101, 99, 0,
5, 1, 0, 0, 99, 0, 0,
5, 1, 0, 0, 101, 0, 0,
5, 2, 0, 0, 101, 0, 0,
2, 3, 0, 0, 101, 14, 0,
5, 2, 0, 0, 101, 0, 0,
2, 3, 0, 0, 101, 1, 0,
5, 2, 0, 0, 101, 0, 0,
2, 3, 0, 0, 101, 0, 0,
5, 2, 0, 0, 101, 0, 0,
2, 3, 0, 0, 101, 0, 0,
5, 2, 0, 0, 101, 0, 0,
7, 1, 1, 3, 103, 98, 100,
2, 3, 2, 0, 101, 103, 0,
5, 2, 0, 0, 100, 0, 0,
5, 2, 0, 0, 101, 0, 0,
2, 3, 0, 0, 101, 0, 0,
5, 2, 0, 0, 101, 0, 0,
2, 3, 0, 0, 101, 0, 0,
19, 2, 0, 0, 0, 0, 0,
46, 0, 13000, 0, 0, 0, 0,
46, 0, 12003, 0, 0, 0, 0,
2, 1, 1, 0, 100, 99, 0,
5, 2, 0, 0, 100, 0, 0,
6, 1, 0, 0, 99, 0, 0,
2, 1, 2, 0, 101, 99, 0,
5, 1, 0, 0, 99, 0, 0,
5, 1, 0, 0, 101, 0, 0,
5, 2, 0, 0, 101, 0, 0,
2, 3, 0, 0, 101, 43, 0,
5, 2, 0, 0, 101, 0, 0,
2, 3, 0, 0, 101, 2, 0,
5, 2, 0, 0, 101, 0, 0,
2, 3, 0, 0, 101, 1, 0,
5, 2, 0, 0, 101, 0, 0,
2, 3, 0, 0, 101, 0, 0,
5, 2, 0, 0, 101, 0, 0,
7, 1, 1, 3, 103, 98, 100,
2, 3, 2, 0, 101, 103, 0,
5, 2, 0, 0, 100, 0, 0,
5, 2, 0, 0, 101, 0, 0,
7, 1, 1, 3, 103, 98, 100,
2, 3, 2, 0, 101, 103, 0,
5, 2, 0, 0, 100, 0, 0,
5, 2, 0, 0, 101, 0, 0,
2, 3, 0, 0, 101, 0, 0,
19, 2, 0, 0, 0, 0, 0,
46, 0, 12003, 0, 0, 0, 0,
46, 0, 12002, 0, 0, 0, 0,
2, 1, 1, 0, 100, 99, 0,
5, 2, 0, 0, 100, 0, 0,
6, 1, 0, 0, 99, 0, 0,
2, 1, 2, 0, 101, 99, 0,
5, 1, 0, 0, 99, 0, 0,
5, 1, 0, 0, 101, 0, 0,
5, 2, 0, 0, 101, 0, 0,
2, 3, 0, 0, 101, 43, 0,
5, 2, 0, 0, 101, 0, 0,
2, 3, 0, 0, 101, 2, 0,
5, 2, 0, 0, 101, 0, 0,
2, 3, 0, 0, 101, 0, 0,
5, 2, 0, 0, 101, 0, 0,
2, 3, 0, 0, 101, 0, 0,
5, 2, 0, 0, 101, 0, 0,
7, 1, 1, 3, 103, 98, 100,
2, 3, 2, 0, 101, 103, 0,
5, 2, 0, 0, 100, 0, 0,
5, 2, 0, 0, 101, 0, 0,
2, 3, 3, 0, 101, 100, 0,
5, 2, 0, 0, 100, 0, 0,
5, 2, 0, 0, 101, 0, 0,
2, 3, 0, 0, 101, 0, 0,
19, 2, 0, 0, 0, 0, 0,
46, 0, 12002, 0, 0, 0, 0,
46, 0, 12001, 0, 0, 0, 0,
2, 1, 1, 0, 100, 99, 0,
5, 2, 0, 0, 100, 0, 0,
6, 1, 0, 0, 99, 0, 0,
2, 1, 2, 0, 101, 99, 0,
5, 1, 0, 0, 99, 0, 0,
5, 1, 0, 0, 101, 0, 0,
5, 2, 0, 0, 101, 0, 0,
2, 3, 0, 0, 101, 43, 0,
5, 2, 0, 0, 101, 0, 0,
2, 3, 0, 0, 101, 1, 0,
5, 2, 0, 0, 101, 0, 0,
2, 3, 0, 0, 101, 1, 0,
5, 2, 0, 0, 101, 0, 0,
2, 3, 0, 0, 101, 0, 0,
5, 2, 0, 0, 101, 0, 0,
2, 3, 3, 0, 101, 100, 0,
5, 2, 0, 0, 100, 0, 0,
5, 2, 0, 0, 101, 0, 0,
7, 1, 1, 3, 103, 98, 100,
2, 3, 2, 0, 101, 103, 0,
5, 2, 0, 0, 100, 0, 0,
5, 2, 0, 0, 101, 0, 0,
2, 3, 0, 0, 101, 0, 0,
19, 2, 0, 0, 0, 0, 0,
46, 0, 12001, 0, 0, 0, 0,
46, 0, 12000, 0, 0, 0, 0,
2, 1, 1, 0, 100, 99, 0,
5, 2, 0, 0, 100, 0, 0,
6, 1, 0, 0, 99, 0, 0,
2, 1, 2, 0, 101, 99, 0,
5, 1, 0, 0, 99, 0, 0,
5, 1, 0, 0, 101, 0, 0,
5, 2, 0, 0, 101, 0, 0,
2, 3, 0, 0, 101, 43, 0,
5, 2, 0, 0, 101, 0, 0,
2, 3, 0, 0, 101, 1, 0,
5, 2, 0, 0, 101, 0, 0,
2, 3, 0, 0, 101, 0, 0,
5, 2, 0, 0, 101, 0, 0,
2, 3, 0, 0, 101, 0, 0,
5, 2, 0, 0, 101, 0, 0,
2, 3, 3, 0, 101, 100, 0,
5, 2, 0, 0, 100, 0, 0,
5, 2, 0, 0, 101, 0, 0,
2, 3, 3, 0, 101, 100, 0,
5, 2, 0, 0, 100, 0, 0,
5, 2, 0, 0, 101, 0, 0,
2, 3, 0, 0, 101, 0, 0,
19, 2, 0, 0, 0, 0, 0,
46, 0, 12000, 0, 0, 0, 0,
46, 0, 11501, 0, 0, 0, 0,
2, 1, 1, 0, 100, 99, 0,
5, 2, 0, 0, 100, 0, 0,
6, 1, 0, 0, 99, 0, 0,
2, 1, 2, 0, 101, 99, 0,
5, 1, 0, 0, 99, 0, 0,
5, 1, 0, 0, 101, 0, 0,
5, 2, 0, 0, 101, 0, 0,
2, 3, 0, 0, 101, 49, 0,
5, 2, 0, 0, 101, 0, 0,
2, 3, 0, 0, 101, 0, 0,
5, 2, 0, 0, 101, 0, 0,
2, 3, 0, 0, 101, 1, 0,
5, 2, 0, 0, 101, 0, 0,
2, 3, 0, 0, 101, 0, 0,
5, 2, 0, 0, 101, 0, 0,
2, 3, 0, 0, 101, 0, 0,
5, 2, 0, 0, 101, 0, 0,
7, 1, 1, 3, 103, 98, 100,
2, 3, 2, 0, 101, 103, 0,
5, 2, 0, 0, 100, 0, 0,
5, 2, 0, 0, 101, 0, 0,
2, 3, 0, 0, 101, 0, 0,
19, 2, 0, 0, 0, 0, 0,
46, 0, 11501, 0, 0, 0, 0,
46, 0, 11500, 0, 0, 0, 0,
2, 1, 1, 0, 100, 99, 0,
5, 2, 0, 0, 100, 0, 0,
6, 1, 0, 0, 99, 0, 0,
2, 1, 2, 0, 101, 99, 0,
5, 1, 0, 0, 99, 0, 0,
5, 1, 0, 0, 101, 0, 0,
5, 2, 0, 0, 101, 0, 0,
2, 3, 0, 0, 101, 49, 0,
5, 2, 0, 0, 101, 0, 0,
2, 3, 0, 0, 101, 0, 0,
5, 2, 0, 0, 101, 0, 0,
2, 3, 0, 0, 101, 0, 0,
5, 2, 0, 0, 101, 0, 0,
2, 3, 0, 0, 101, 0, 0,
5, 2, 0, 0, 101, 0, 0,
2, 3, 0, 0, 101, 0, 0,
5, 2, 0, 0, 101, 0, 0,
2, 3, 3, 0, 101, 100, 0,
5, 2, 0, 0, 100, 0, 0,
5, 2, 0, 0, 101, 0, 0,
2, 3, 0, 0, 101, 0, 0,
19, 2, 0, 0, 0, 0, 0,
46, 0, 11500, 0, 0, 0, 0,
46, 0, 11453, 0, 0, 0, 0,
2, 1, 1, 0, 100, 99, 0,
5, 2, 0, 0, 100, 0, 0,
6, 1, 0, 0, 99, 0, 0,
2, 1, 2, 0, 101, 99, 0,
5, 1, 0, 0, 99, 0, 0,
5, 1, 0, 0, 101, 0, 0,
2, 1, 2, 0, 102, 100, 0,
2, 1, 2, 0, 102, 102, 0,
5, 2, 0, 0, 100, 0, 0,
27, 0, 1, 0, 3, 102, 0,
2, 1, 0, 0, 103, 0, 0,
20, 0, 0, 0, 2, 0, 0,
2, 1, 0, 0, 103, 1, 0,
27, 0, 1, 0, 3, 103, 0,
2, 1, 0, 0, 102, 5, 0,
20, 0, 0, 0, 2, 0, 0,
2, 1, 0, 0, 102, 6, 0,
5, 2, 0, 0, 101, 0, 0,
2, 1, 2, 0, 103, 101, 0,
2, 2, 1, 0, 103, 102, 0,
5, 2, 0, 0, 101, 0, 0,
2, 3, 0, 0, 101, 2, 0,
5, 2, 0, 0, 101, 0, 0,
2, 3, 0, 0, 101, 0, 0,
5, 2, 0, 0, 101, 0, 0,
2, 3, 0, 0, 101, 0, 0,
5, 2, 0, 0, 101, 0, 0,
2, 3, 0, 0, 101, 99, 0,
5, 2, 0, 0, 101, 0, 0,
2, 3, 0, 0, 101, 0, 0,
5, 2, 0, 0, 101, 0, 0,
2, 3, 0, 0, 101, 0, 0,
19, 2, 0, 0, 0, 0, 0,
46, 0, 11453, 0, 0, 0, 0,
46, 0, 11452, 0, 0, 0, 0,
2, 1, 1, 0, 100, 99, 0,
5, 2, 0, 0, 100, 0, 0,
6, 1, 0, 0, 99, 0, 0,
2, 1, 2, 0, 101, 99, 0,
5, 1, 0, 0, 99, 0, 0,
5, 1, 0, 0, 101, 0, 0,
2, 1, 2, 0, 102, 100, 0,
2, 1, 2, 0, 102, 102, 0,
5, 2, 0, 0, 100, 0, 0,
27, 0, 1, 0, 3, 102, 0,
2, 1, 0, 0, 103, 0, 0,
20, 0, 0, 0, 2, 0, 0,
2, 1, 0, 0, 103, 1, 0,
27, 0, 1, 0, 3, 103, 0,
2, 1, 0, 0, 102, 5, 0,
20, 0, 0, 0, 2, 0, 0,
2, 1, 0, 0, 102, 6, 0,
5, 2, 0, 0, 101, 0, 0,
2, 1, 2, 0, 103, 101, 0,
2, 2, 1, 0, 103, 102, 0,
5, 2, 0, 0, 101, 0, 0,
2, 3, 0, 0, 101, 2, 0,
5, 2, 0, 0, 101, 0, 0,
2, 3, 0, 0, 101, 0, 0,
5, 2, 0, 0, 101, 0, 0,
2, 3, 0, 0, 101, 0, 0,
5, 2, 0, 0, 101, 0, 0,
7, 1, 1, 3, 103, 98, 100,
2, 3, 2, 0, 101, 103, 0,
5, 2, 0, 0, 100, 0, 0,
5, 2, 0, 0, 101, 0, 0,
2, 3, 0, 0, 101, 0, 0,
5, 2, 0, 0, 101, 0, 0,
2, 3, 0, 0, 101, 0, 0,
19, 2, 0, 0, 0, 0, 0,
46, 0, 11452, 0, 0, 0, 0,
46, 0, 11451, 0, 0, 0, 0,
2, 1, 1, 0, 100, 99, 0,
5, 2, 0, 0, 100, 0, 0,
6, 1, 0, 0, 99, 0, 0,
2, 1, 2, 0, 101, 99, 0,
5, 1, 0, 0, 99, 0, 0,
5, 1, 0, 0, 101, 0, 0,
2, 1, 2, 0, 102, 100, 0,
2, 1, 2, 0, 102, 102, 0,
5, 2, 0, 0, 100, 0, 0,
27, 0, 1, 0, 3, 102, 0,
2, 1, 0, 0, 103, 0, 0,
20, 0, 0, 0, 2, 0, 0,
2, 1, 0, 0, 103, 1, 0,
27, 0, 1, 0, 3, 103, 0,
2, 1, 0, 0, 102, 5, 0,
20, 0, 0, 0, 2, 0, 0,
2, 1, 0, 0, 102, 6, 0,
5, 2, 0, 0, 101, 0, 0,
2, 1, 2, 0, 103, 101, 0,
2, 2, 1, 0, 103, 102, 0,
5, 2, 0, 0, 101, 0, 0,
2, 3, 0, 0, 101, 1, 0,
5, 2, 0, 0, 101, 0, 0,
2, 3, 0, 0, 101, 0, 0,
5, 2, 0, 0, 101, 0, 0,
2, 3, 0, 0, 101, 0, 0,
5, 2, 0, 0, 101, 0, 0,
7, 1, 1, 3, 103, 98, 100,
2, 3, 2, 0, 101, 103, 0,
5, 2, 0, 0, 100, 0, 0,
5, 2, 0, 0, 101, 0, 0,
2, 3, 0, 0, 101, 0, 0,
5, 2, 0, 0, 101, 0, 0,
2, 3, 0, 0, 101, 0, 0,
19, 2, 0, 0, 0, 0, 0,
46, 0, 11451, 0, 0, 0, 0,
46, 0, 11450, 0, 0, 0, 0,
2, 1, 1, 0, 100, 99, 0,
5, 2, 0, 0, 100, 0, 0,
6, 1, 0, 0, 99, 0, 0,
2, 1, 2, 0, 101, 99, 0,
5, 1, 0, 0, 99, 0, 0,
5, 1, 0, 0, 101, 0, 0,
2, 1, 2, 0, 102, 100, 0,
2, 1, 2, 0, 102, 102, 0,
5, 2, 0, 0, 100, 0, 0,
27, 0, 1, 0, 3, 102, 0,
2, 1, 0, 0, 103, 0, 0,
20, 0, 0, 0, 2, 0, 0,
2, 1, 0, 0, 103, 1, 0,
27, 0, 1, 0, 3, 103, 0,
2, 1, 0, 0, 102, 5, 0,
20, 0, 0, 0, 2, 0, 0,
2, 1, 0, 0, 102, 6, 0,
5, 2, 0, 0, 101, 0, 0,
2, 1, 2, 0, 103, 101, 0,
2, 2, 1, 0, 103, 102, 0,
5, 2, 0, 0, 101, 0, 0,
2, 3, 0, 0, 101, 1, 0,
5, 2, 0, 0, 101, 0, 0,
2, 3, 0, 0, 101, 0, 0,
5, 2, 0, 0, 101, 0, 0,
2, 3, 0, 0, 101, 0, 0,
5, 2, 0, 0, 101, 0, 0,
2, 3, 3, 0, 101, 100, 0,
5, 2, 0, 0, 100, 0, 0,
5, 2, 0, 0, 101, 0, 0,
2, 3, 0, 0, 101, 0, 0,
5, 2, 0, 0, 101, 0, 0,
2, 3, 0, 0, 101, 0, 0,
19, 2, 0, 0, 0, 0, 0,
46, 0, 11450, 0, 0, 0, 0,
46, 0, 11403, 0, 0, 0, 0,
2, 1, 1, 0, 100, 99, 0,
5, 2, 0, 0, 100, 0, 0,
6, 1, 0, 0, 99, 0, 0,
2, 1, 2, 0, 101, 99, 0,
5, 1, 0, 0, 99, 0, 0,
5, 1, 0, 0, 101, 0, 0,
2, 1, 2, 0, 102, 100, 0,
2, 1, 2, 0, 102, 102, 0,
5, 2, 0, 0, 100, 0, 0,
27, 0, 1, 0, 3, 102, 0,
2, 1, 0, 0, 103, 0, 0,
20, 0, 0, 0, 2, 0, 0,
2, 1, 0, 0, 103, 1, 0,
27, 0, 1, 0, 3, 103, 0,
2, 1, 0, 0, 102, 7, 0,
20, 0, 0, 0, 16, 0, 0,
27, 0, 1, 0, 3, 102, 1,
2, 1, 0, 0, 103, 0, 0,
20, 0, 0, 0, 2, 0, 0,
2, 1, 0, 0, 103, 1, 0,
27, 0, 1, 0, 3, 103, 0,
2, 1, 0, 0, 102, 8, 0,
20, 0, 0, 0, 9, 0, 0,
27, 0, 1, 0, 3, 102, 2,
2, 1, 0, 0, 103, 0, 0,
20, 0, 0, 0, 2, 0, 0,
2, 1, 0, 0, 103, 1, 0,
27, 0, 1, 0, 3, 103, 0,
2, 1, 0, 0, 102, 9, 0,
20, 0, 0, 0, 2, 0, 0,
2, 1, 0, 0, 102, 10, 0,
5, 2, 0, 0, 101, 0, 0,
2, 1, 2, 0, 103, 101, 0,
2, 2, 1, 0, 103, 102, 0,
5, 2, 0, 0, 101, 0, 0,
2, 3, 0, 0, 101, 1, 0,
5, 2, 0, 0, 101, 0, 0,
2, 3, 0, 0, 101, 1, 0,
5, 2, 0, 0, 101, 0, 0,
2, 3, 0, 0, 101, 1, 0,
5, 2, 0, 0, 101, 0, 0,
7, 1, 1, 3, 103, 98, 100,
2, 3, 2, 0, 101, 103, 0,
5, 2, 0, 0, 100, 0, 0,
5, 2, 0, 0, 101, 0, 0,
2, 3, 2, 0, 101, 103, 0,
5, 2, 0, 0, 101, 0, 0,
7, 1, 1, 3, 103, 98, 100,
2, 3, 2, 0, 101, 103, 0,
5, 2, 0, 0, 100, 0, 0,
19, 2, 0, 0, 0, 0, 0,
46, 0, 11403, 0, 0, 0, 0,
46, 0, 11402, 0, 0, 0, 0,
2, 1, 1, 0, 100, 99, 0,
5, 2, 0, 0, 100, 0, 0,
6, 1, 0, 0, 99, 0, 0,
2, 1, 2, 0, 101, 99, 0,
5, 1, 0, 0, 99, 0, 0,
5, 1, 0, 0, 101, 0, 0,
2, 1, 2, 0, 102, 100, 0,
2, 1, 2, 0, 102, 102, 0,
5, 2, 0, 0, 100, 0, 0,
27, 0, 1, 0, 3, 102, 0,
2, 1, 0, 0, 103, 0, 0,
20, 0, 0, 0, 2, 0, 0,
2, 1, 0, 0, 103, 1, 0,
27, 0, 1, 0, 3, 103, 0,
2, 1, 0, 0, 102, 7, 0,
20, 0, 0, 0, 16, 0, 0,
27, 0, 1, 0, 3, 102, 1,
2, 1, 0, 0, 103, 0, 0,
20, 0, 0, 0, 2, 0, 0,
2, 1, 0, 0, 103, 1, 0,
27, 0, 1, 0, 3, 103, 0,
2, 1, 0, 0, 102, 8, 0,
20, 0, 0, 0, 9, 0, 0,
27, 0, 1, 0, 3, 102, 2,
2, 1, 0, 0, 103, 0, 0,
20, 0, 0, 0, 2, 0, 0,
2, 1, 0, 0, 103, 1, 0,
27, 0, 1, 0, 3, 103, 0,
2, 1, 0, 0, 102, 9, 0,
20, 0, 0, 0, 2, 0, 0,
2, 1, 0, 0, 102, 10, 0,
5, 2, 0, 0, 101, 0, 0,
2, 1, 2, 0, 103, 101, 0,
2, 2, 1, 0, 103, 102, 0,
5, 2, 0, 0, 101, 0, 0,
2, 3, 0, 0, 101, 1, 0,
5, 2, 0, 0, 101, 0, 0,
2, 3, 0, 0, 101, 1, 0,
5, 2, 0, 0, 101, 0, 0,
2, 3, 0, 0, 101, 0, 0,
5, 2, 0, 0, 101, 0, 0,
7, 1, 1, 3, 103, 98, 100,
2, 3, 2, 0, 101, 103, 0,
5, 2, 0, 0, 100, 0, 0,
5, 2, 0, 0, 101, 0, 0,
2, 3, 2, 0, 101, 103, 0,
5, 2, 0, 0, 101, 0, 0,
2, 3, 3, 0, 101, 100, 0,
5, 2, 0, 0, 100, 0, 0,
19, 2, 0, 0, 0, 0, 0,
46, 0, 11402, 0, 0, 0, 0,
46, 0, 11401, 0, 0, 0, 0,
2, 1, 1, 0, 100, 99, 0,
5, 2, 0, 0, 100, 0, 0,
6, 1, 0, 0, 99, 0, 0,
2, 1, 2, 0, 101, 99, 0,
5, 1, 0, 0, 99, 0, 0,
5, 1, 0, 0, 101, 0, 0,
2, 1, 2, 0, 102, 100, 0,
2, 1, 2, 0, 102, 102, 0,
5, 2, 0, 0, 100, 0, 0,
27, 0, 1, 0, 3, 102, 0,
2, 1, 0, 0, 103, 0, 0,
20, 0, 0, 0, 2, 0, 0,
2, 1, 0, 0, 103, 1, 0,
27, 0, 1, 0, 3, 103, 0,
2, 1, 0, 0, 102, 7, 0,
20, 0, 0, 0, 16, 0, 0,
27, 0, 1, 0, 3, 102, 1,
2, 1, 0, 0, 103, 0, 0,
20, 0, 0, 0, 2, 0, 0,
2, 1, 0, 0, 103, 1, 0,
27, 0, 1, 0, 3, 103, 0,
2, 1, 0, 0, 102, 8, 0,
20, 0, 0, 0, 9, 0, 0,
27, 0, 1, 0, 3, 102, 2,
2, 1, 0, 0, 103, 0, 0,
20, 0, 0, 0, 2, 0, 0,
2, 1, 0, 0, 103, 1, 0,
27, 0, 1, 0, 3, 103, 0,
2, 1, 0, 0, 102, 9, 0,
20, 0, 0, 0, 2, 0, 0,
2, 1, 0, 0, 102, 10, 0,
5, 2, 0, 0, 101, 0, 0,
2, 1, 2, 0, 103, 101, 0,
2, 2, 1, 0, 103, 102, 0,
5, 2, 0, 0, 101, 0, 0,
2, 3, 0, 0, 101, 1, 0,
5, 2, 0, 0, 101, 0, 0,
2, 3, 0, 0, 101, 1, 0,
5, 2, 0, 0, 101, 0, 0,
2, 3, 0, 0, 101, 0, 0,
5, 2, 0, 0, 101, 0, 0,
2, 3, 3, 0, 101, 100, 0,
5, 2, 0, 0, 101, 0, 0,
2, 3, 3, 0, 101, 100, 0,
5, 2, 0, 0, 100, 0, 0,
5, 2, 0, 0, 101, 0, 0,
7, 1, 1, 3, 103, 98, 100,
2, 3, 2, 0, 101, 103, 0,
5, 2, 0, 0, 100, 0, 0,
19, 2, 0, 0, 0, 0, 0,
46, 0, 11401, 0, 0, 0, 0,
46, 0, 11400, 0, 0, 0, 0,
2, 1, 1, 0, 100, 99, 0,
5, 2, 0, 0, 100, 0, 0,
6, 1, 0, 0, 99, 0, 0,
2, 1, 2, 0, 101, 99, 0,
5, 1, 0, 0, 99, 0, 0,
5, 1, 0, 0, 101, 0, 0,
2, 1, 2, 0, 102, 100, 0,
2, 1, 2, 0, 102, 102, 0,
5, 2, 0, 0, 100, 0, 0,
27, 0, 1, 0, 3, 102, 0,
2, 1, 0, 0, 103, 0, 0,
20, 0, 0, 0, 2, 0, 0,
2, 1, 0, 0, 103, 1, 0,
27, 0, 1, 0, 3, 103, 0,
2, 1, 0, 0, 102, 7, 0,
20, 0, 0, 0, 16, 0, 0,
27, 0, 1, 0, 3, 102, 1,
2, 1, 0, 0, 103, 0, 0,
20, 0, 0, 0, 2, 0, 0,
2, 1, 0, 0, 103, 1, 0,
27, 0, 1, 0, 3, 103, 0,
2, 1, 0, 0, 102, 8, 0,
20, 0, 0, 0, 9, 0, 0,
27, 0, 1, 0, 3, 102, 2,
2, 1, 0, 0, 103, 0, 0,
20, 0, 0, 0, 2, 0, 0,
2, 1, 0, 0, 103, 1, 0,
27, 0, 1, 0, 3, 103, 0,
2, 1, 0, 0, 102, 9, 0,
20, 0, 0, 0, 2, 0, 0,
2, 1, 0, 0, 102, 10, 0,
5, 2, 0, 0, 101, 0, 0,
2, 1, 2, 0, 103, 101, 0,
2, 2, 1, 0, 103, 102, 0,
5, 2, 0, 0, 101, 0, 0,
2, 3, 0, 0, 101, 1, 0,
5, 2, 0, 0, 101, 0, 0,
2, 3, 0, 0, 101, 1, 0,
5, 2, 0, 0, 101, 0, 0,
2, 3, 0, 0, 101, 0, 0,
5, 2, 0, 0, 101, 0, 0,
2, 3, 3, 0, 101, 100, 0,
5, 2, 0, 0, 101, 0, 0,
2, 3, 3, 0, 101, 100, 0,
5, 2, 0, 0, 100, 0, 0,
5, 2, 0, 0, 101, 0, 0,
2, 3, 3, 0, 101, 100, 0,
5, 2, 0, 0, 100, 0, 0,
19, 2, 0, 0, 0, 0, 0,
46, 0, 11400, 0, 0, 0, 0,
46, 0, 11350, 0, 0, 0, 0,
2, 1, 1, 0, 100, 99, 0,
5, 2, 0, 0, 100, 0, 0,
6, 1, 0, 0, 99, 0, 0,
2, 1, 2, 0, 101, 99, 0,
5, 1, 0, 0, 99, 0, 0,
5, 1, 0, 0, 101, 0, 0,
2, 1, 2, 0, 102, 100, 0,
2, 1, 2, 0, 102, 102, 0,
5, 2, 0, 0, 100, 0, 0,
27, 0, 1, 0, 3, 102, 0,
2, 1, 0, 0, 103, 0, 0,
20, 0, 0, 0, 2, 0, 0,
2, 1, 0, 0, 103, 1, 0,
27, 0, 1, 0, 3, 103, 0,
2, 1, 0, 0, 102, 27, 0,
20, 0, 0, 0, 23, 0, 0,
27, 0, 1, 0, 3, 102, 1,
2, 1, 0, 0, 103, 0, 0,
20, 0, 0, 0, 2, 0, 0,
2, 1, 0, 0, 103, 1, 0,
27, 0, 1, 0, 3, 103, 0,
2, 1, 0, 0, 102, 28, 0,
20, 0, 0, 0, 16, 0, 0,
27, 0, 1, 0, 3, 102, 2,
2, 1, 0, 0, 103, 0, 0,
20, 0, 0, 0, 2, 0, 0,
2, 1, 0, 0, 103, 1, 0,
27, 0, 1, 0, 3, 103, 0,
2, 1, 0, 0, 102, 29, 0,
20, 0, 0, 0, 9, 0, 0,
27, 0, 1, 0, 3, 102, 3,
2, 1, 0, 0, 103, 0, 0,
20, 0, 0, 0, 2, 0, 0,
2, 1, 0, 0, 103, 1, 0,
27, 0, 1, 0, 3, 103, 0,
2, 1, 0, 0, 102, 30, 0,
20, 0, 0, 0, 2, 0, 0,
2, 1, 0, 0, 102, 31, 0,
5, 2, 0, 0, 101, 0, 0,
2, 1, 2, 0, 103, 101, 0,
2, 2, 1, 0, 103, 102, 0,
5, 2, 0, 0, 101, 0, 0,
2, 3, 0, 0, 101, 0, 0,
5, 2, 0, 0, 101, 0, 0,
2, 3, 0, 0, 101, 1, 0,
5, 2, 0, 0, 101, 0, 0,
2, 3, 0, 0, 101, 1, 0,
5, 2, 0, 0, 101, 0, 0,
2, 3, 0, 0, 101, 3, 0,
5, 2, 0, 0, 101, 0, 0,
7, 1, 1, 3, 103, 98, 100,
2, 3, 2, 0, 101, 103, 0,
5, 2, 0, 0, 100, 0, 0,
5, 2, 0, 0, 101, 0, 0,
7, 1, 1, 3, 103, 98, 100,
2, 3, 2, 0, 101, 103, 0,
5, 2, 0, 0, 100, 0, 0,
5, 2, 0, 0, 101, 0, 0,
2, 3, 0, 0, 101, 2, 0,
5, 2, 0, 0, 101, 0, 0,
2, 3, 0, 0, 101, 1, 0,
5, 2, 0, 0, 101, 0, 0,
2, 3, 0, 0, 101, 0, 0,
5, 2, 0, 0, 101, 0, 0,
2, 3, 0, 0, 101, 0, 0,
5, 2, 0, 0, 101, 0, 0,
7, 1, 1, 3, 103, 98, 100,
2, 3, 2, 0, 101, 103, 0,
5, 2, 0, 0, 100, 0, 0,
5, 2, 0, 0, 101, 0, 0,
2, 3, 0, 0, 101, 0, 0,
5, 2, 0, 0, 101, 0, 0,
2, 3, 0, 0, 101, 0, 0,
5, 2, 0, 0, 101, 0, 0,
2, 3, 0, 0, 101, 20, 0,
5, 2, 0, 0, 101, 0, 0,
2, 3, 0, 0, 101, 0, 0,
5, 2, 0, 0, 101, 0, 0,
2, 3, 0, 0, 101, 0, 0,
5, 2, 0, 0, 101, 0, 0,
2, 3, 0, 0, 101, 0, 0,
5, 2, 0, 0, 101, 0, 0,
2, 3, 0, 0, 101, 2, 0,
5, 2, 0, 0, 101, 0, 0,
2, 3, 0, 0, 101, 0, 0,
5, 2, 0, 0, 101, 0, 0,
2, 3, 0, 0, 101, 0, 0,
5, 2, 0, 0, 101, 0, 0,
2, 3, 0, 0, 101, 2, 0,
5, 2, 0, 0, 101, 0, 0,
2, 3, 0, 0, 101, 1, 0,
5, 2, 0, 0, 101, 0, 0,
2, 3, 0, 0, 101, 0, 0,
5, 2, 0, 0, 101, 0, 0,
2, 3, 0, 0, 101, 0, 0,
5, 2, 0, 0, 101, 0, 0,
2, 3, 2, 0, 101, 103, 0,
5, 2, 0, 0, 101, 0, 0,
2, 3, 0, 0, 101, 1, 0,
5, 2, 0, 0, 101, 0, 0,
2, 3, 0, 0, 101, 0, 0,
19, 2, 0, 0, 0, 0, 0,
46, 0, 11350, 0, 0, 0, 0,
46, 0, 11300, 0, 0, 0, 0,
2, 1, 1, 0, 100, 99, 0,
5, 2, 0, 0, 100, 0, 0,
6, 1, 0, 0, 99, 0, 0,
2, 1, 2, 0, 101, 99, 0,
5, 1, 0, 0, 99, 0, 0,
5, 1, 0, 0, 101, 0, 0,
2, 1, 2, 0, 102, 100, 0,
2, 1, 2, 0, 102, 102, 0,
5, 2, 0, 0, 100, 0, 0,
27, 0, 1, 0, 3, 102, 0,
2, 1, 0, 0, 103, 0, 0,
20, 0, 0, 0, 2, 0, 0,
2, 1, 0, 0, 103, 1, 0,
27, 0, 1, 0, 3, 103, 0,
2, 1, 0, 0, 102, 27, 0,
20, 0, 0, 0, 23, 0, 0,
27, 0, 1, 0, 3, 102, 1,
2, 1, 0, 0, 103, 0, 0,
20, 0, 0, 0, 2, 0, 0,
2, 1, 0, 0, 103, 1, 0,
27, 0, 1, 0, 3, 103, 0,
2, 1, 0, 0, 102, 28, 0,
20, 0, 0, 0, 16, 0, 0,
27, 0, 1, 0, 3, 102, 2,
2, 1, 0, 0, 103, 0, 0,
20, 0, 0, 0, 2, 0, 0,
2, 1, 0, 0, 103, 1, 0,
27, 0, 1, 0, 3, 103, 0,
2, 1, 0, 0, 102, 29, 0,
20, 0, 0, 0, 9, 0, 0,
27, 0, 1, 0, 3, 102, 3,
2, 1, 0, 0, 103, 0, 0,
20, 0, 0, 0, 2, 0, 0,
2, 1, 0, 0, 103, 1, 0,
27, 0, 1, 0, 3, 103, 0,
2, 1, 0, 0, 102, 30, 0,
20, 0, 0, 0, 2, 0, 0,
2, 1, 0, 0, 102, 31, 0,
5, 2, 0, 0, 101, 0, 0,
2, 1, 2, 0, 103, 101, 0,
2, 2, 1, 0, 103, 102, 0,
5, 2, 0, 0, 101, 0, 0,
2, 3, 0, 0, 101, 0, 0,
5, 2, 0, 0, 101, 0, 0,
2, 3, 0, 0, 101, 1, 0,
5, 2, 0, 0, 101, 0, 0,
2, 3, 0, 0, 101, 0, 0,
5, 2, 0, 0, 101, 0, 0,
2, 3, 0, 0, 101, 3, 0,
5, 2, 0, 0, 101, 0, 0,
7, 1, 1, 3, 103, 98, 100,
2, 3, 2, 0, 101, 103, 0,
5, 2, 0, 0, 100, 0, 0,
5, 2, 0, 0, 101, 0, 0,
2, 3, 3, 0, 101, 100, 0,
5, 2, 0, 0, 100, 0, 0,
5, 2, 0, 0, 101, 0, 0,
2, 3, 0, 0, 101, 2, 0,
5, 2, 0, 0, 101, 0, 0,
2, 3, 0, 0, 101, 1, 0,
5, 2, 0, 0, 101, 0, 0,
2, 3, 0, 0, 101, 0, 0,
5, 2, 0, 0, 101, 0, 0,
2, 3, 0, 0, 101, 0, 0,
5, 2, 0, 0, 101, 0, 0,
7, 1, 1, 3, 103, 98, 100,
2, 3, 2, 0, 101, 103, 0,
5, 2, 0, 0, 100, 0, 0,
5, 2, 0, 0, 101, 0, 0,
2, 3, 0, 0, 101, 0, 0,
5, 2, 0, 0, 101, 0, 0,
2, 3, 0, 0, 101, 0, 0,
5, 2, 0, 0, 101, 0, 0,
2, 3, 0, 0, 101, 20, 0,
5, 2, 0, 0, 101, 0, 0,
2, 3, 0, 0, 101, 0, 0,
5, 2, 0, 0, 101, 0, 0,
2, 3, 0, 0, 101, 0, 0,
5, 2, 0, 0, 101, 0, 0,
2, 3, 0, 0, 101, 0, 0,
5, 2, 0, 0, 101, 0, 0,
2, 3, 0, 0, 101, 2, 0,
5, 2, 0, 0, 101, 0, 0,
2, 3, 0, 0, 101, 0, 0,
5, 2, 0, 0, 101, 0, 0,
2, 3, 0, 0, 101, 0, 0,
5, 2, 0, 0, 101, 0, 0,
2, 3, 0, 0, 101, 2, 0,
5, 2, 0, 0, 101, 0, 0,
2, 3, 0, 0, 101, 1, 0,
5, 2, 0, 0, 101, 0, 0,
2, 3, 0, 0, 101, 0, 0,
5, 2, 0, 0, 101, 0, 0,
2, 3, 0, 0, 101, 0, 0,
5, 2, 0, 0, 101, 0, 0,
2, 3, 2, 0, 101, 103, 0,
5, 2, 0, 0, 101, 0, 0,
2, 3, 0, 0, 101, 1, 0,
5, 2, 0, 0, 101, 0, 0,
2, 3, 0, 0, 101, 0, 0,
19, 2, 0, 0, 0, 0, 0,
46, 0, 11300, 0, 0, 0, 0,
46, 0, 11250, 0, 0, 0, 0,
2, 1, 1, 0, 100, 99, 0,
5, 2, 0, 0, 100, 0, 0,
6, 1, 0, 0, 99, 0, 0,
2, 1, 2, 0, 101, 99, 0,
5, 1, 0, 0, 99, 0, 0,
5, 1, 0, 0, 101, 0, 0,
5, 2, 0, 0, 101, 0, 0,
2, 3, 0, 0, 101, 2, 0,
5, 2, 0, 0, 101, 0, 0,
2, 3, 0, 0, 101, 2, 0,
5, 2, 0, 0, 101, 0, 0,
2, 3, 0, 0, 101, 1, 0,
5, 2, 0, 0, 101, 0, 0,
2, 3, 0, 0, 101, 0, 0,
5, 2, 0, 0, 101, 0, 0,
2, 3, 0, 0, 101, 99, 0,
5, 2, 0, 0, 101, 0, 0,
7, 1, 1, 3, 103, 98, 100,
2, 3, 2, 0, 101, 103, 0,
5, 2, 0, 0, 100, 0, 0,
5, 2, 0, 0, 101, 0, 0,
2, 3, 0, 0, 101, 0, 0,
19, 2, 0, 0, 0, 0, 0,
46, 0, 11250, 0, 0, 0, 0,
46, 0, 11200, 0, 0, 0, 0,
2, 1, 1, 0, 100, 99, 0,
5, 2, 0, 0, 100, 0, 0,
6, 1, 0, 0, 99, 0, 0,
2, 1, 2, 0, 101, 99, 0,
5, 1, 0, 0, 99, 0, 0,
5, 1, 0, 0, 101, 0, 0,
5, 2, 0, 0, 101, 0, 0,
2, 3, 0, 0, 101, 2, 0,
5, 2, 0, 0, 101, 0, 0,
2, 3, 0, 0, 101, 2, 0,
5, 2, 0, 0, 101, 0, 0,
2, 3, 0, 0, 101, 0, 0,
5, 2, 0, 0, 101, 0, 0,
2, 3, 0, 0, 101, 0, 0,
5, 2, 0, 0, 101, 0, 0,
2, 3, 0, 0, 101, 99, 0,
5, 2, 0, 0, 101, 0, 0,
2, 3, 3, 0, 101, 100, 0,
5, 2, 0, 0, 100, 0, 0,
5, 2, 0, 0, 101, 0, 0,
2, 3, 0, 0, 101, 0, 0,
19, 2, 0, 0, 0, 0, 0,
46, 0, 11200, 0, 0, 0, 0,
46, 0, 11150, 0, 0, 0, 0,
2, 1, 1, 0, 100, 99, 0,
5, 2, 0, 0, 100, 0, 0,
6, 1, 0, 0, 99, 0, 0,
2, 1, 2, 0, 101, 99, 0,
5, 1, 0, 0, 99, 0, 0,
5, 1, 0, 0, 101, 0, 0,
5, 2, 0, 0, 101, 0, 0,
2, 3, 0, 0, 101, 5, 0,
5, 2, 0, 0, 101, 0, 0,
2, 3, 0, 0, 101, 1, 0,
5, 2, 0, 0, 101, 0, 0,
2, 3, 0, 0, 101, 0, 0,
5, 2, 0, 0, 101, 0, 0,
2, 3, 0, 0, 101, 0, 0,
5, 2, 0, 0, 101, 0, 0,
2, 3, 0, 0, 101, 99, 0,
5, 2, 0, 0, 101, 0, 0,
2, 3, 0, 0, 101, 0, 0,
5, 2, 0, 0, 101, 0, 0,
2, 3, 0, 0, 101, 0, 0,
5, 2, 0, 0, 101, 0, 0,
2, 3, 0, 0, 101, 2, 0,
5, 2, 0, 0, 101, 0, 0,
2, 3, 0, 0, 101, 2, 0,
5, 2, 0, 0, 101, 0, 0,
2, 3, 0, 0, 101, 1, 0,
5, 2, 0, 0, 101, 0, 0,
2, 3, 0, 0, 101, 0, 0,
5, 2, 0, 0, 101, 0, 0,
2, 3, 0, 0, 101, 99, 0,
5, 2, 0, 0, 101, 0, 0,
7, 1, 1, 3, 103, 98, 100,
2, 3, 2, 0, 101, 103, 0,
5, 2, 0, 0, 100, 0, 0,
5, 2, 0, 0, 101, 0, 0,
2, 3, 0, 0, 101, 0, 0,
19, 2, 0, 0, 0, 0, 0,
46, 0, 11150, 0, 0, 0, 0,
46, 0, 11100, 0, 0, 0, 0,
2, 1, 1, 0, 100, 99, 0,
5, 2, 0, 0, 100, 0, 0,
6, 1, 0, 0, 99, 0, 0,
2, 1, 2, 0, 101, 99, 0,
5, 1, 0, 0, 99, 0, 0,
5, 1, 0, 0, 101, 0, 0,
5, 2, 0, 0, 101, 0, 0,
2, 3, 0, 0, 101, 5, 0,
5, 2, 0, 0, 101, 0, 0,
2, 3, 0, 0, 101, 1, 0,
5, 2, 0, 0, 101, 0, 0,
2, 3, 0, 0, 101, 0, 0,
5, 2, 0, 0, 101, 0, 0,
2, 3, 0, 0, 101, 0, 0,
5, 2, 0, 0, 101, 0, 0,
2, 3, 0, 0, 101, 99, 0,
5, 2, 0, 0, 101, 0, 0,
2, 3, 0, 0, 101, 0, 0,
5, 2, 0, 0, 101, 0, 0,
2, 3, 0, 0, 101, 0, 0,
5, 2, 0, 0, 101, 0, 0,
2, 3, 0, 0, 101, 2, 0,
5, 2, 0, 0, 101, 0, 0,
2, 3, 0, 0, 101, 2, 0,
5, 2, 0, 0, 101, 0, 0,
2, 3, 0, 0, 101, 0, 0,
5, 2, 0, 0, 101, 0, 0,
2, 3, 0, 0, 101, 0, 0,
5, 2, 0, 0, 101, 0, 0,
2, 3, 0, 0, 101, 99, 0,
5, 2, 0, 0, 101, 0, 0,
2, 3, 3, 0, 101, 100, 0,
5, 2, 0, 0, 100, 0, 0,
5, 2, 0, 0, 101, 0, 0,
2, 3, 0, 0, 101, 0, 0,
19, 2, 0, 0, 0, 0, 0,
46, 0, 11100, 0, 0, 0, 0,
46, 0, 11010, 0, 0, 0, 0,
2, 1, 1, 0, 100, 99, 0,
5, 2, 0, 0, 100, 0, 0,
6, 1, 0, 0, 99, 0, 0,
2, 1, 2, 0, 101, 99, 0,
5, 1, 0, 0, 99, 0, 0,
5, 1, 0, 0, 101, 0, 0,
5, 2, 0, 0, 101, 0, 0,
2, 3, 0, 0, 101, 12, 0,
5, 2, 0, 0, 101, 0, 0,
2, 3, 0, 0, 101, 1, 0,
5, 2, 0, 0, 101, 0, 0,
2, 3, 0, 0, 101, 0, 0,
5, 2, 0, 0, 101, 0, 0,
2, 3, 0, 0, 101, 0, 0,
5, 2, 0, 0, 101, 0, 0,
7, 1, 1, 3, 103, 98, 100,
2, 3, 2, 0, 101, 103, 0,
5, 2, 0, 0, 100, 0, 0,
5, 2, 0, 0, 101, 0, 0,
2, 3, 0, 0, 101, 0, 0,
5, 2, 0, 0, 101, 0, 0,
2, 3, 0, 0, 101, 0, 0,
19, 2, 0, 0, 0, 0, 0,
46, 0, 11010, 0, 0, 0, 0,
46, 0, 11001, 0, 0, 0, 0,
2, 1, 1, 0, 100, 99, 0,
5, 2, 0, 0, 100, 0, 0,
6, 1, 0, 0, 99, 0, 0,
2, 1, 2, 0, 101, 99, 0,
5, 1, 0, 0, 99, 0, 0,
5, 1, 0, 0, 101, 0, 0,
5, 2, 0, 0, 101, 0, 0,
2, 3, 0, 0, 101, 13, 0,
5, 2, 0, 0, 101, 0, 0,
2, 3, 0, 0, 101, 1, 0,
5, 2, 0, 0, 101, 0, 0,
2, 3, 0, 0, 101, 0, 0,
5, 2, 0, 0, 101, 0, 0,
2, 3, 0, 0, 101, 0, 0,
5, 2, 0, 0, 101, 0, 0,
7, 1, 1, 3, 103, 98, 100,
2, 3, 2, 0, 101, 103, 0,
5, 2, 0, 0, 100, 0, 0,
5, 2, 0, 0, 101, 0, 0,
2, 3, 0, 0, 101, 0, 0,
5, 2, 0, 0, 101, 0, 0,
2, 3, 0, 0, 101, 0, 0,
19, 2, 0, 0, 0, 0, 0,
46, 0, 11001, 0, 0, 0, 0,
46, 0, 11000, 0, 0, 0, 0,
2, 1, 1, 0, 100, 99, 0,
5, 2, 0, 0, 100, 0, 0,
6, 1, 0, 0, 99, 0, 0,
2, 1, 2, 0, 101, 99, 0,
5, 1, 0, 0, 99, 0, 0,
5, 1, 0, 0, 101, 0, 0,
5, 2, 0, 0, 101, 0, 0,
2, 3, 0, 0, 101, 13, 0,
5, 2, 0, 0, 101, 0, 0,
2, 3, 0, 0, 101, 0, 0,
5, 2, 0, 0, 101, 0, 0,
2, 3, 0, 0, 101, 0, 0,
5, 2, 0, 0, 101, 0, 0,
2, 3, 0, 0, 101, 0, 0,
5, 2, 0, 0, 101, 0, 0,
2, 3, 3, 0, 101, 100, 0,
5, 2, 0, 0, 100, 0, 0,
5, 2, 0, 0, 101, 0, 0,
2, 3, 0, 0, 101, 0, 0,
5, 2, 0, 0, 101, 0, 0,
2, 3, 0, 0, 101, 0, 0,
19, 2, 0, 0, 0, 0, 0,
46, 0, 11000, 0, 0, 0, 0,
46, 0, 10900, 0, 0, 0, 0,
2, 1, 1, 0, 100, 99, 0,
5, 2, 0, 0, 100, 0, 0,
6, 1, 0, 0, 99, 0, 0,
2, 1, 2, 0, 101, 99, 0,
5, 1, 0, 0, 99, 0, 0,
5, 1, 0, 0, 101, 0, 0,
5, 2, 0, 0, 101, 0, 0,
2, 3, 0, 0, 101, 19, 0,
5, 2, 0, 0, 101, 0, 0,
2, 3, 0, 0, 101, 1, 0,
5, 2, 0, 0, 101, 0, 0,
2, 3, 0, 0, 101, 0, 0,
5, 2, 0, 0, 101, 0, 0,
2, 3, 0, 0, 101, 0, 0,
5, 2, 0, 0, 101, 0, 0,
7, 1, 1, 3, 103, 98, 100,
2, 3, 2, 0, 101, 103, 0,
5, 2, 0, 0, 100, 0, 0,
5, 2, 0, 0, 101, 0, 0,
2, 3, 0, 0, 101, 0, 0,
5, 2, 0, 0, 101, 0, 0,
2, 3, 0, 0, 101, 0, 0,
19, 2, 0, 0, 0, 0, 0,
46, 0, 10900, 0, 0, 0, 0,
46, 0, 10800, 0, 0, 0, 0,
2, 1, 1, 0, 100, 99, 0,
5, 2, 0, 0, 100, 0, 0,
6, 1, 0, 0, 99, 0, 0,
2, 1, 2, 0, 101, 99, 0,
5, 1, 0, 0, 99, 0, 0,
5, 1, 0, 0, 101, 0, 0,
2, 1, 2, 0, 102, 101, 0,
2, 1, 0, 0, 103, 1, 0,
8, 1, 1, 0, 102, 102, 2,
2, 1, 2, 0, 104, 102, 0,
27, 0, 1, 0, 3, 104, -142857,
2, 1, 0, 0, 104, 0, 0,
20, 0, 0, 0, 2, 0, 0,
2, 1, 0, 0, 104, 1, 0,
6, 1, 0, 0, 104, 0, 0,
27, 0, 1, 0, 10, 104, 0,
8, 1, 1, 0, 102, 102, 7,
5, 1, 0, 0, 103, 0, 0,
2, 1, 2, 0, 104, 102, 0,
27, 0, 1, 0, 3, 104, -142857,
2, 1, 0, 0, 104, 0, 0,
20, 0, 0, 0, 2, 0, 0,
2, 1, 0, 0, 104, 1, 0,
6, 1, 0, 0, 104, 0, 0,
21, 0, 0, 0, 9, 0, 0,
2, 2, 1, 0, 102, 103, 0,
5, 2, 0, 0, 102, 0, 0,
5, 2, 0, 0, 101, 0, 0,
2, 3, 0, 0, 101, 21, 0,
5, 2, 0, 0, 101, 0, 0,
2, 3, 0, 0, 101, 0, 0,
5, 2, 0, 0, 101, 0, 0,
2, 3, 0, 0, 101, 0, 0,
5, 2, 0, 0, 101, 0, 0,
2, 3, 0, 0, 101, 0, 0,
5, 2, 0, 0, 101, 0, 0,
2, 1, 2, 0, 105, 101, 0,
2, 2, 1, 0, 105, 103, 0,
5, 2, 0, 0, 101, 0, 0,
2, 3, 0, 0, 101, 0, 0,
5, 2, 0, 0, 101, 0, 0,
2, 3, 0, 0, 101, 0, 0,
19, 2, 0, 0, 0, 0, 0,
46, 0, 10800, 0, 0, 0, 0,
46, 0, 10700, 0, 0, 0, 0,
2, 1, 1, 0, 100, 99, 0,
5, 2, 0, 0, 100, 0, 0,
6, 1, 0, 0, 99, 0, 0,
2, 1, 2, 0, 101, 99, 0,
5, 1, 0, 0, 99, 0, 0,
5, 1, 0, 0, 101, 0, 0,
2, 1, 2, 0, 102, 101, 0,
2, 1, 0, 0, 103, 1, 0,
8, 1, 1, 0, 102, 102, 2,
2, 1, 2, 0, 104, 102, 0,
27, 0, 1, 0, 3, 104, -285714,
2, 1, 0, 0, 104, 0, 0,
20, 0, 0, 0, 2, 0, 0,
2, 1, 0, 0, 104, 1, 0,
6, 1, 0, 0, 104, 0, 0,
27, 0, 1, 0, 10, 104, 0,
8, 1, 1, 0, 102, 102, 7,
5, 1, 0, 0, 103, 0, 0,
2, 1, 2, 0, 104, 102, 0,
27, 0, 1, 0, 3, 104, -285714,
2, 1, 0, 0, 104, 0, 0,
20, 0, 0, 0, 2, 0, 0,
2, 1, 0, 0, 104, 1, 0,
6, 1, 0, 0, 104, 0, 0,
21, 0, 0, 0, 9, 0, 0,
2, 2, 1, 0, 102, 103, 0,
19, 2, 0, 0, 0, 0, 0,
46, 0, 10700, 0, 0, 0, 0,
46, 0, 10600, 0, 0, 0, 0,
2, 1, 1, 0, 100, 99, 0,
5, 2, 0, 0, 100, 0, 0,
6, 1, 0, 0, 99, 0, 0,
2, 1, 2, 0, 101, 99, 0,
5, 1, 0, 0, 99, 0, 0,
5, 1, 0, 0, 101, 0, 0,
5, 2, 0, 0, 101, 0, 0,
2, 3, 0, 0, 101, 20, 0,
5, 2, 0, 0, 101, 0, 0,
2, 3, 0, 0, 101, 0, 0,
5, 2, 0, 0, 101, 0, 0,
2, 3, 0, 0, 101, 0, 0,
5, 2, 0, 0, 101, 0, 0,
2, 3, 0, 0, 101, 0, 0,
5, 2, 0, 0, 101, 0, 0,
2, 1, 2, 0, 103, 101, 0,
2, 2, 0, 0, 103, -285714, 0,
5, 2, 0, 0, 101, 0, 0,
2, 3, 0, 0, 101, 0, 0,
5, 2, 0, 0, 101, 0, 0,
2, 3, 0, 0, 101, 0, 0,
2, 1, 2, 0, 102, 101, 0,
2, 1, 0, 0, 104, 1, 0,
8, 1, 1, 0, 102, 102, 2,
2, 1, 2, 0, 105, 102, 0,
27, 0, 1, 0, 3, 105, -142857,
2, 1, 0, 0, 105, 0, 0,
20, 0, 0, 0, 2, 0, 0,
2, 1, 0, 0, 105, 1, 0,
6, 1, 0, 0, 105, 0, 0,
27, 0, 1, 0, 10, 105, 0,
8, 1, 1, 0, 102, 102, 7,
5, 1, 0, 0, 104, 0, 0,
2, 1, 2, 0, 105, 102, 0,
27, 0, 1, 0, 3, 105, -142857,
2, 1, 0, 0, 105, 0, 0,
20, 0, 0, 0, 2, 0, 0,
2, 1, 0, 0, 105, 1, 0,
6, 1, 0, 0, 105, 0, 0,
21, 0, 0, 0, 9, 0, 0,
2, 2, 1, 0, 102, 104, 0,
19, 2, 0, 0, 0, 0, 0,
46, 0, 10600, 0, 0, 0, 0,
46, 0, 10500, 0, 0, 0, 0,
2, 1, 1, 0, 100, 99, 0,
5, 2, 0, 0, 100, 0, 0,
6, 1, 0, 0, 99, 0, 0,
2, 1, 2, 0, 101, 99, 0,
5, 1, 0, 0, 99, 0, 0,
5, 1, 0, 0, 101, 0, 0,
5, 2, 0, 0, 101, 0, 0,
2, 3, 0, 0, 101, 27, 0,
5, 2, 0, 0, 101, 0, 0,
2, 3, 0, 0, 101, 0, 0,
5, 2, 0, 0, 101, 0, 0,
2, 3, 0, 0, 101, 1, 0,
5, 2, 0, 0, 101, 0, 0,
2, 3, 0, 0, 101, 0, 0,
5, 2, 0, 0, 101, 0, 0,
2, 3, 0, 0, 101, -142857, 0,
5, 2, 0, 0, 101, 0, 0,
7, 1, 1, 3, 103, 98, 100,
2, 3, 2, 0, 101, 103, 0,
5, 2, 0, 0, 100, 0, 0,
5, 2, 0, 0, 101, 0, 0,
2, 3, 0, 0, 101, 0, 0,
19, 2, 0, 0, 0, 0, 0,
46, 0, 10500, 0, 0, 0, 0,
46, 0, 10250, 0, 0, 0, 0,
2, 1, 1, 0, 100, 99, 0,
5, 2, 0, 0, 100, 0, 0,
6, 1, 0, 0, 99, 0, 0,
2, 1, 2, 0, 101, 99, 0,
5, 1, 0, 0, 99, 0, 0,
5, 1, 0, 0, 101, 0, 0,
5, 2, 0, 0, 101, 0, 0,
2, 3, 0, 0, 101, 4, 0,
5, 2, 0, 0, 101, 0, 0,
2, 3, 0, 0, 101, 2, 0,
5, 2, 0, 0, 101, 0, 0,
2, 3, 0, 0, 101, 1, 0,
5, 2, 0, 0, 101, 0, 0,
2, 3, 0, 0, 101, 0, 0,
5, 2, 0, 0, 101, 0, 0,
7, 1, 1, 3, 103, 98, 100,
2, 3, 2, 0, 101, 103, 0,
5, 2, 0, 0, 100, 0, 0,
5, 2, 0, 0, 101, 0, 0,
7, 1, 1, 3, 103, 98, 100,
2, 3, 2, 0, 101, 103, 0,
5, 2, 0, 0, 100, 0, 0,
5, 2, 0, 0, 101, 0, 0,
2, 3, 0, 0, 101, 0, 0,
19, 2, 0, 0, 0, 0, 0,
46, 0, 10250, 0, 0, 0, 0,
46, 0, 10212, 0, 0, 0, 0,
2, 1, 1, 0, 100, 99, 0,
5, 2, 0, 0, 100, 0, 0,
6, 1, 0, 0, 99, 0, 0,
2, 1, 2, 0, 101, 99, 0,
5, 1, 0, 0, 99, 0, 0,
5, 1, 0, 0, 101, 0, 0,
5, 2, 0, 0, 101, 0, 0,
2, 3, 0, 0, 101, 2, 0,
5, 2, 0, 0, 101, 0, 0,
2, 3, 0, 0, 101, 2, 0,
5, 2, 0, 0, 101, 0, 0,
2, 3, 0, 0, 101, 2, 0,
5, 2, 0, 0, 101, 0, 0,
2, 3, 0, 0, 101, 0, 0,
5, 2, 0, 0, 101, 0, 0,
7, 1, 1, 3, 103, 98, 100,
2, 3, 2, 0, 101, 103, 0,
5, 2, 0, 0, 100, 0, 0,
5, 2, 0, 0, 101, 0, 0,
2, 3, 0, 0, 101, 99, 0,
5, 2, 0, 0, 101, 0, 0,
2, 3, 0, 0, 101, 0, 0,
19, 2, 0, 0, 0, 0, 0,
46, 0, 10212, 0, 0, 0, 0,
46, 0, 10211, 0, 0, 0, 0,
2, 1, 1, 0, 100, 99, 0,
5, 2, 0, 0, 100, 0, 0,
6, 1, 0, 0, 99, 0, 0,
2, 1, 2, 0, 101, 99, 0,
5, 1, 0, 0, 99, 0, 0,
5, 1, 0, 0, 101, 0, 0,
5, 2, 0, 0, 101, 0, 0,
2, 3, 0, 0, 101, 2, 0,
5, 2, 0, 0, 101, 0, 0,
2, 3, 0, 0, 101, 1, 0,
5, 2, 0, 0, 101, 0, 0,
2, 3, 0, 0, 101, 2, 0,
5, 2, 0, 0, 101, 0, 0,
2, 3, 0, 0, 101, 0, 0,
5, 2, 0, 0, 101, 0, 0,
7, 1, 1, 3, 103, 98, 100,
2, 3, 2, 0, 101, 103, 0,
5, 2, 0, 0, 100, 0, 0,
5, 2, 0, 0, 101, 0, 0,
2, 3, 0, 0, 101, 99, 0,
5, 2, 0, 0, 101, 0, 0,
2, 3, 0, 0, 101, 0, 0,
5, 2, 0, 0, 101, 0, 0,
2, 3, 0, 0, 101, 6, 0,
5, 2, 0, 0, 101, 0, 0,
2, 3, 0, 0, 101, 1, 0,
5, 2, 0, 0, 101, 0, 0,
2, 3, 0, 0, 101, 0, 0,
5, 2, 0, 0, 101, 0, 0,
2, 3, 0, 0, 101, 0, 0,
5, 2, 0, 0, 101, 0, 0,
2, 3, 0, 0, 101, 99, 0,
5, 2, 0, 0, 101, 0, 0,
2, 3, 0, 0, 101, 0, 0,
5, 2, 0, 0, 101, 0, 0,
2, 3, 0, 0, 101, 0, 0,
19, 2, 0, 0, 0, 0, 0,
46, 0, 10211, 0, 0, 0, 0,
46, 0, 10210, 0, 0, 0, 0,
2, 1, 1, 0, 100, 99, 0,
5, 2, 0, 0, 100, 0, 0,
6, 1, 0, 0, 99, 0, 0,
2, 1, 2, 0, 101, 99, 0,
5, 1, 0, 0, 99, 0, 0,
5, 1, 0, 0, 101, 0, 0,
5, 2, 0, 0, 101, 0, 0,
2, 3, 0, 0, 101, 2, 0,
5, 2, 0, 0, 101, 0, 0,
2, 3, 0, 0, 101, 1, 0,
5, 2, 0, 0, 101, 0, 0,
2, 3, 0, 0, 101, 2, 0,
5, 2, 0, 0, 101, 0, 0,
2, 3, 0, 0, 101, 0, 0,
5, 2, 0, 0, 101, 0, 0,
7, 1, 1, 3, 103, 98, 100,
2, 3, 2, 0, 101, 103, 0,
5, 2, 0, 0, 100, 0, 0,
5, 2, 0, 0, 101, 0, 0,
2, 3, 0, 0, 101, 99, 0,
5, 2, 0, 0, 101, 0, 0,
2, 3, 0, 0, 101, 0, 0,
19, 2, 0, 0, 0, 0, 0,
46, 0, 10210, 0, 0, 0, 0,
46, 0, 10203, 0, 0, 0, 0,
2, 1, 1, 0, 100, 99, 0,
5, 2, 0, 0, 100, 0, 0,
6, 1, 0, 0, 99, 0, 0,
2, 1, 2, 0, 101, 99, 0,
5, 1, 0, 0, 99, 0, 0,
5, 1, 0, 0, 101, 0, 0,
5, 2, 0, 0, 101, 0, 0,
2, 3, 0, 0, 101, 3, 0,
5, 2, 0, 0, 101, 0, 0,
2, 3, 0, 0, 101, 2, 0,
5, 2, 0, 0, 101, 0, 0,
2, 3, 0, 0, 101, 2, 0,
5, 2, 0, 0, 101, 0, 0,
2, 3, 0, 0, 101, 0, 0,
5, 2, 0, 0, 101, 0, 0,
7, 1, 1, 3, 103, 98, 100,
2, 3, 2, 0, 101, 103, 0,
5, 2, 0, 0, 100, 0, 0,
5, 2, 0, 0, 101, 0, 0,
2, 3, 3, 0, 101, 100, 0,
5, 2, 0, 0, 100, 0, 0,
5, 2, 0, 0, 101, 0, 0,
2, 3, 0, 0, 101, 0, 0,
19, 2, 0, 0, 0, 0, 0,
46, 0, 10203, 0, 0, 0, 0,
46, 0, 10201, 0, 0, 0, 0,
2, 1, 1, 0, 100, 99, 0,
5, 2, 0, 0, 100, 0, 0,
6, 1, 0, 0, 99, 0, 0,
2, 1, 2, 0, 101, 99, 0,
5, 1, 0, 0, 99, 0, 0,
5, 1, 0, 0, 101, 0, 0,
5, 2, 0, 0, 101, 0, 0,
2, 3, 0, 0, 101, 3, 0,
5, 2, 0, 0, 101, 0, 0,
2, 3, 0, 0, 101, 1, 0,
5, 2, 0, 0, 101, 0, 0,
2, 3, 0, 0, 101, 2, 0,
5, 2, 0, 0, 101, 0, 0,
2, 3, 0, 0, 101, 0, 0,
5, 2, 0, 0, 101, 0, 0,
7, 1, 1, 3, 103, 98, 100,
2, 3, 2, 0, 101, 103, 0,
5, 2, 0, 0, 100, 0, 0,
5, 2, 0, 0, 101, 0, 0,
2, 3, 3, 0, 101, 100, 0,
5, 2, 0, 0, 100, 0, 0,
5, 2, 0, 0, 101, 0, 0,
2, 3, 0, 0, 101, 0, 0,
19, 2, 0, 0, 0, 0, 0,
46, 0, 10201, 0, 0, 0, 0,
46, 0, 10201, 0, 0, 0, 0,
2, 1, 1, 0, 100, 99, 0,
5, 2, 0, 0, 100, 0, 0,
6, 1, 0, 0, 99, 0, 0,
2, 1, 2, 0, 101, 99, 0,
5, 1, 0, 0, 99, 0, 0,
5, 1, 0, 0, 101, 0, 0,
5, 2, 0, 0, 101, 0, 0,
2, 3, 0, 0, 101, 3, 0,
5, 2, 0, 0, 101, 0, 0,
2, 3, 0, 0, 101, 1, 0,
5, 2, 0, 0, 101, 0, 0,
2, 3, 0, 0, 101, 2, 0,
5, 2, 0, 0, 101, 0, 0,
2, 3, 0, 0, 101, 0, 0,
5, 2, 0, 0, 101, 0, 0,
7, 1, 1, 3, 103, 98, 100,
2, 3, 2, 0, 101, 103, 0,
5, 2, 0, 0, 100, 0, 0,
5, 2, 0, 0, 101, 0, 0,
2, 3, 3, 0, 101, 100, 0,
5, 2, 0, 0, 100, 0, 0,
5, 2, 0, 0, 101, 0, 0,
2, 3, 0, 0, 101, 0, 0,
19, 2, 0, 0, 0, 0, 0,
46, 0, 10201, 0, 0, 0, 0,
46, 0, 10200, 0, 0, 0, 0,
2, 1, 1, 0, 100, 99, 0,
5, 2, 0, 0, 100, 0, 0,
6, 1, 0, 0, 99, 0, 0,
2, 1, 2, 0, 101, 99, 0,
5, 1, 0, 0, 99, 0, 0,
5, 1, 0, 0, 101, 0, 0,
5, 2, 0, 0, 101, 0, 0,
2, 3, 0, 0, 101, 3, 0,
5, 2, 0, 0, 101, 0, 0,
2, 3, 0, 0, 101, 1, 0,
5, 2, 0, 0, 101, 0, 0,
2, 3, 0, 0, 101, 1, 0,
5, 2, 0, 0, 101, 0, 0,
2, 3, 0, 0, 101, 0, 0,
5, 2, 0, 0, 101, 0, 0,
7, 1, 1, 3, 103, 98, 100,
2, 3, 2, 0, 101, 103, 0,
5, 2, 0, 0, 100, 0, 0,
5, 2, 0, 0, 101, 0, 0,
2, 3, 3, 0, 101, 100, 0,
5, 2, 0, 0, 100, 0, 0,
5, 2, 0, 0, 101, 0, 0,
2, 3, 0, 0, 101, 0, 0,
19, 2, 0, 0, 0, 0, 0,
46, 0, 10200, 0, 0, 0, 0,
46, 0, 10170, 0, 0, 0, 0,
2, 1, 1, 0, 100, 99, 0,
5, 2, 0, 0, 100, 0, 0,
6, 1, 0, 0, 99, 0, 0,
2, 1, 2, 0, 101, 99, 0,
5, 1, 0, 0, 99, 0, 0,
5, 1, 0, 0, 101, 0, 0,
5, 2, 0, 0, 101, 0, 0,
2, 3, 0, 0, 101, 45, 0,
5, 2, 0, 0, 101, 0, 0,
2, 3, 0, 0, 101, 2, 0,
5, 2, 0, 0, 101, 0, 0,
2, 3, 0, 0, 101, 2, 0,
5, 2, 0, 0, 101, 0, 0,
2, 3, 0, 0, 101, 2, 0,
5, 2, 0, 0, 101, 0, 0,
7, 1, 1, 3, 103, 98, 100,
2, 3, 2, 0, 101, 103, 0,
5, 2, 0, 0, 100, 0, 0,
5, 2, 0, 0, 101, 0, 0,
7, 1, 1, 3, 103, 98, 100,
2, 3, 2, 0, 101, 103, 0,
5, 2, 0, 0, 100, 0, 0,
5, 2, 0, 0, 101, 0, 0,
7, 1, 1, 3, 103, 98, 100,
2, 3, 2, 0, 101, 103, 0,
5, 2, 0, 0, 100, 0, 0,
19, 2, 0, 0, 0, 0, 0,
46, 0, 10170, 0, 0, 0, 0,
46, 0, 10150, 0, 0, 0, 0,
2, 1, 1, 0, 100, 99, 0,
5, 2, 0, 0, 100, 0, 0,
6, 1, 0, 0, 99, 0, 0,
2, 1, 2, 0, 101, 99, 0,
5, 1, 0, 0, 99, 0, 0,
5, 1, 0, 0, 101, 0, 0,
5, 2, 0, 0, 101, 0, 0,
2, 3, 0, 0, 101, 39, 0,
5, 2, 0, 0, 101, 0, 0,
2, 3, 0, 0, 101, 1, 0,
5, 2, 0, 0, 101, 0, 0,
2, 3, 0, 0, 101, 2, 0,
5, 2, 0, 0, 101, 0, 0,
2, 3, 0, 0, 101, 0, 0,
5, 2, 0, 0, 101, 0, 0,
7, 1, 1, 3, 103, 98, 100,
2, 3, 2, 0, 101, 103, 0,
5, 2, 0, 0, 100, 0, 0,
5, 2, 0, 0, 101, 0, 0,
7, 1, 1, 3, 103, 98, 100,
2, 3, 2, 0, 101, 103, 0,
5, 2, 0, 0, 100, 0, 0,
5, 2, 0, 0, 101, 0, 0,
2, 3, 0, 0, 101, 0, 0,
19, 2, 0, 0, 0, 0, 0,
46, 0, 10150, 0, 0, 0, 0,
46, 0, 10115, 0, 0, 0, 0,
2, 1, 1, 0, 100, 99, 0,
5, 2, 0, 0, 100, 0, 0,
6, 1, 0, 0, 99, 0, 0,
2, 1, 2, 0, 101, 99, 0,
5, 1, 0, 0, 99, 0, 0,
5, 1, 0, 0, 101, 0, 0,
5, 2, 0, 0, 101, 0, 0,
2, 3, 0, 0, 101, 2, 0,
5, 2, 0, 0, 101, 0, 0,
2, 3, 0, 0, 101, 1, 0,
5, 2, 0, 0, 101, 0, 0,
2, 3, 0, 0, 101, 1, 0,
5, 2, 0, 0, 101, 0, 0,
2, 3, 0, 0, 101, 0, 0,
5, 2, 0, 0, 101, 0, 0,
7, 1, 1, 3, 103, 98, 100,
2, 3, 2, 0, 101, 103, 0,
5, 2, 0, 0, 100, 0, 0,
5, 2, 0, 0, 101, 0, 0,
2, 3, 3, 0, 101, 100, 0,
5, 2, 0, 0, 100, 0, 0,
5, 2, 0, 0, 101, 0, 0,
2, 3, 0, 0, 101, 0, 0,
19, 2, 0, 0, 0, 0, 0,
46, 0, 10115, 0, 0, 0, 0,
46, 0, 10114, 0, 0, 0, 0,
2, 1, 1, 0, 100, 99, 0,
5, 2, 0, 0, 100, 0, 0,
6, 1, 0, 0, 99, 0, 0,
2, 1, 2, 0, 101, 99, 0,
5, 1, 0, 0, 99, 0, 0,
5, 1, 0, 0, 101, 0, 0,
5, 2, 0, 0, 101, 0, 0,
2, 3, 0, 0, 101, 2, 0,
5, 2, 0, 0, 101, 0, 0,
2, 3, 0, 0, 101, 1, 0,
5, 2, 0, 0, 101, 0, 0,
2, 3, 0, 0, 101, 1, 0,
5, 2, 0, 0, 101, 0, 0,
2, 3, 0, 0, 101, 0, 0,
5, 2, 0, 0, 101, 0, 0,
2, 3, 3, 0, 101, 100, 0,
5, 2, 0, 0, 100, 0, 0,
5, 2, 0, 0, 101, 0, 0,
7, 1, 1, 3, 103, 98, 100,
2, 3, 2, 0, 101, 103, 0,
5, 2, 0, 0, 100, 0, 0,
5, 2, 0, 0, 101, 0, 0,
2, 3, 0, 0, 101, 0, 0,
19, 2, 0, 0, 0, 0, 0,
46, 0, 10114, 0, 0, 0, 0,
46, 0, 10113, 0, 0, 0, 0,
2, 1, 1, 0, 100, 99, 0,
5, 2, 0, 0, 100, 0, 0,
6, 1, 0, 0, 99, 0, 0,
2, 1, 2, 0, 101, 99, 0,
5, 1, 0, 0, 99, 0, 0,
5, 1, 0, 0, 101, 0, 0,
5, 2, 0, 0, 101, 0, 0,
2, 3, 0, 0, 101, 2, 0,
5, 2, 0, 0, 101, 0, 0,
2, 3, 0, 0, 101, 2, 0,
5, 2, 0, 0, 101, 0, 0,
2, 3, 0, 0, 101, 2, 0,
5, 2, 0, 0, 101, 0, 0,
2, 3, 0, 0, 101, 0, 0,
5, 2, 0, 0, 101, 0, 0,
7, 1, 1, 3, 103, 98, 100,
2, 3, 2, 0, 101, 103, 0,
5, 2, 0, 0, 100, 0, 0,
5, 2, 0, 0, 101, 0, 0,
7, 1, 1, 3, 103, 98, 100,
2, 3, 2, 0, 101, 103, 0,
5, 2, 0, 0, 100, 0, 0,
5, 2, 0, 0, 101, 0, 0,
2, 3, 0, 0, 101, 0, 0,
19, 2, 0, 0, 0, 0, 0,
46, 0, 10113, 0, 0, 0, 0,
46, 0, 10112, 0, 0, 0, 0,
2, 1, 1, 0, 100, 99, 0,
5, 2, 0, 0, 100, 0, 0,
6, 1, 0, 0, 99, 0, 0,
2, 1, 2, 0, 101, 99, 0,
5, 1, 0, 0, 99, 0, 0,
5, 1, 0, 0, 101, 0, 0,
5, 2, 0, 0, 101, 0, 0,
2, 3, 0, 0, 101, 2, 0,
5, 2, 0, 0, 101, 0, 0,
2, 3, 0, 0, 101, 1, 0,
5, 2, 0, 0, 101, 0, 0,
2, 3, 0, 0, 101, 2, 0,
5, 2, 0, 0, 101, 0, 0,
2, 3, 0, 0, 101, 0, 0,
5, 2, 0, 0, 101, 0, 0,
7, 1, 1, 3, 103, 98, 100,
2, 3, 2, 0, 101, 103, 0,
5, 2, 0, 0, 100, 0, 0,
5, 2, 0, 0, 101, 0, 0,
7, 1, 1, 3, 103, 98, 100,
2, 3, 2, 0, 101, 103, 0,
5, 2, 0, 0, 100, 0, 0,
5, 2, 0, 0, 101, 0, 0,
2, 3, 0, 0, 101, 0, 0,
19, 2, 0, 0, 0, 0, 0,
46, 0, 10112, 0, 0, 0, 0,
46, 0, 10111, 0, 0, 0, 0,
2, 1, 1, 0, 100, 99, 0,
5, 2, 0, 0, 100, 0, 0,
6, 1, 0, 0, 99, 0, 0,
2, 1, 2, 0, 101, 99, 0,
5, 1, 0, 0, 99, 0, 0,
5, 1, 0, 0, 101, 0, 0,
5, 2, 0, 0, 101, 0, 0,
2, 3, 0, 0, 101, 2, 0,
5, 2, 0, 0, 101, 0, 0,
2, 3, 0, 0, 101, 2, 0,
5, 2, 0, 0, 101, 0, 0,
2, 3, 0, 0, 101, 1, 0,
5, 2, 0, 0, 101, 0, 0,
2, 3, 0, 0, 101, 0, 0,
5, 2, 0, 0, 101, 0, 0,
7, 1, 1, 3, 103, 98, 100,
2, 3, 2, 0, 101, 103, 0,
5, 2, 0, 0, 100, 0, 0,
5, 2, 0, 0, 101, 0, 0,
7, 1, 1, 3, 103, 98, 100,
2, 3, 2, 0, 101, 103, 0,
5, 2, 0, 0, 100, 0, 0,
5, 2, 0, 0, 101, 0, 0,
2, 3, 0, 0, 101, 0, 0,
19, 2, 0, 0, 0, 0, 0,
46, 0, 10111, 0, 0, 0, 0,
46, 0, 10110, 0, 0, 0, 0,
2, 1, 1, 0, 100, 99, 0,
5, 2, 0, 0, 100, 0, 0,
6, 1, 0, 0, 99, 0, 0,
2, 1, 2, 0, 101, 99, 0,
5, 1, 0, 0, 99, 0, 0,
5, 1, 0, 0, 101, 0, 0,
5, 2, 0, 0, 101, 0, 0,
2, 3, 0, 0, 101, 2, 0,
5, 2, 0, 0, 101, 0, 0,
2, 3, 0, 0, 101, 1, 0,
5, 2, 0, 0, 101, 0, 0,
2, 3, 0, 0, 101, 1, 0,
5, 2, 0, 0, 101, 0, 0,
2, 3, 0, 0, 101, 0, 0,
5, 2, 0, 0, 101, 0, 0,
7, 1, 1, 3, 103, 98, 100,
2, 3, 2, 0, 101, 103, 0,
5, 2, 0, 0, 100, 0, 0,
5, 2, 0, 0, 101, 0, 0,
7, 1, 1, 3, 103, 98, 100,
2, 3, 2, 0, 101, 103, 0,
5, 2, 0, 0, 100, 0, 0,
5, 2, 0, 0, 101, 0, 0,
2, 3, 0, 0, 101, 0, 0,
19, 2, 0, 0, 0, 0, 0,
46, 0, 10110, 0, 0, 0, 0,
46, 0, 10101, 0, 0, 0, 0,
2, 1, 1, 0, 100, 99, 0,
5, 2, 0, 0, 100, 0, 0,
6, 1, 0, 0, 99, 0, 0,
2, 1, 2, 0, 101, 99, 0,
5, 1, 0, 0, 99, 0, 0,
5, 1, 0, 0, 101, 0, 0,
5, 2, 0, 0, 101, 0, 0,
2, 3, 0, 0, 101, 2, 0,
5, 2, 0, 0, 101, 0, 0,
2, 3, 0, 0, 101, 2, 0,
5, 2, 0, 0, 101, 0, 0,
2, 3, 0, 0, 101, 0, 0,
5, 2, 0, 0, 101, 0, 0,
2, 3, 0, 0, 101, 0, 0,
5, 2, 0, 0, 101, 0, 0,
7, 1, 1, 3, 103, 98, 100,
2, 3, 2, 0, 101, 103, 0,
5, 2, 0, 0, 100, 0, 0,
5, 2, 0, 0, 101, 0, 0,
2, 3, 3, 0, 101, 100, 0,
5, 2, 0, 0, 100, 0, 0,
5, 2, 0, 0, 101, 0, 0,
2, 3, 0, 0, 101, 0, 0,
19, 2, 0, 0, 0, 0, 0,
46, 0, 10101, 0, 0, 0, 0,
46, 0, 10100, 0, 0, 0, 0,
2, 1, 1, 0, 100, 99, 0,
5, 2, 0, 0, 100, 0, 0,
6, 1, 0, 0, 99, 0, 0,
2, 1, 2, 0, 101, 99, 0,
5, 1, 0, 0, 99, 0, 0,
5, 1, 0, 0, 101, 0, 0,
5, 2, 0, 0, 101, 0, 0,
2, 3, 0, 0, 101, 2, 0,
5, 2, 0, 0, 101, 0, 0,
2, 3, 0, 0, 101, 1, 0,
5, 2, 0, 0, 101, 0, 0,
2, 3, 0, 0, 101, 0, 0,
5, 2, 0, 0, 101, 0, 0,
2, 3, 0, 0, 101, 0, 0,
5, 2, 0, 0, 101, 0, 0,
7, 1, 1, 3, 103, 98, 100,
2, 3, 2, 0, 101, 103, 0,
5, 2, 0, 0, 100, 0, 0,
5, 2, 0, 0, 101, 0, 0,
2, 3, 3, 0, 101, 100, 0,
5, 2, 0, 0, 100, 0, 0,
5, 2, 0, 0, 101, 0, 0,
2, 3, 0, 0, 101, 0, 0,
19, 2, 0, 0, 0, 0, 0,
46, 0, 10100, 0, 0, 0, 0,
46, 0, 10001, 0, 0, 0, 0,
2, 1, 1, 0, 100, 99, 0,
5, 2, 0, 0, 100, 0, 0,
2, 1, 1, 0, 101, 98, 0,
2, 1, 1, 0, 102, 101, 0,
2, 1, 2, 0, 103, 101, 0,
7, 1, 1, 1, 102, 102, 103,
2, 1, 0, 0, 103, 100, 0,
28, 0, 1, 1, 3, 101, 102,
2, 1, 0, 0, 104, 0, 0,
20, 0, 0, 0, 2, 0, 0,
2, 1, 0, 0, 104, 1, 0,
27, 0, 1, 0, 9, 104, 0,
5, 1, 0, 0, 101, 0, 0,
2, 2, 1, 0, 101, 103, 0,
5, 1, 0, 0, 103, 0, 0,
28, 0, 1, 1, 3, 101, 102,
2, 1, 0, 0, 104, 0, 0,
20, 0, 0, 0, 2, 0, 0,
2, 1, 0, 0, 104, 1, 0,
21, 0, 0, 0, 8, 0, 0,
19, 2, 0, 0, 0, 0, 0,
46, 0, 10001, 0, 0, 0, 0,
46, 0, 10000, 0, 0, 0, 0,
2, 1, 1, 0, 100, 99, 0,
5, 2, 0, 0, 100, 0, 0,
2, 1, 2, 0, 101, 100, 0,
2, 1, 2, 0, 101, 101, 0,
2, 1, 1, 0, 98, 101, 0,
5, 2, 0, 0, 100, 0, 0,
2, 1, 2, 0, 102, 100, 0,
2, 2, 2, 0, 101, 102, 0,
5, 2, 0, 0, 100, 0, 0,
19, 2, 0, 0, 0, 0, 0,
46, 0, 10000, 0, 0, 0, 0,
46, 0, 210, 0, 0, 0, 0,
7, 1, 1, 0, 99, 99, 2,
2, 1, 2, 0, 100, 99, 0,
5, 1, 0, 0, 99, 0, 0,
2, 1, 2, 0, 101, 99, 0,
5, 1, 0, 0, 99, 0, 0,
2, 1, 2, 0, 102, 99, 0,
27, 0, 1, 0, 74, 102, 0,
2, 1, 1, 0, 103, 99, 0,
7, 1, 1, 1, 102, 102, 103,
2, 1, 2, 0, 104, 102, 0,
5, 1, 0, 0, 102, 0, 0,
2, 2, 1, 0, 101, 103, 0,
2, 1, 1, 0, 99, 101, 0,
5, 1, 0, 0, 99, 0, 0,
2, 2, 1, 0, 99, 104, 0,
5, 1, 0, 0, 99, 0, 0,
2, 2, 1, 0, 99, 104, 0,
49, 0, 0, 0, 0, 207, 0,
49, 0, 0, 0, 0, 206, 0,
2, 1, 2, 0, 102, 99, 0,
6, 1, 0, 0, 99, 0, 0,
2, 1, 2, 0, 103, 99, 0,
7, 1, 1, 0, 99, 99, 3,
2, 1, 2, 0, 101, 99, 0,
5, 1, 0, 0, 101, 0, 0,
2, 1, 1, 0, 99, 103, 0,
6, 2, 0, 0, 99, 0, 0,
6, 1, 0, 0, 99, 0, 0,
6, 2, 0, 0, 99, 0, 0,
2, 1, 2, 0, 100, 99, 0,
2, 2, 0, 0, 100, 46, 0,
5, 1, 0, 0, 100, 0, 0,
2, 2, 0, 0, 100, 0, 0,
5, 1, 0, 0, 100, 0, 0,
2, 2, 1, 0, 100, 102, 0,
5, 1, 0, 0, 100, 0, 0,
2, 2, 0, 0, 100, 0, 0,
5, 1, 0, 0, 100, 0, 0,
2, 2, 0, 0, 100, 0, 0,
5, 1, 0, 0, 100, 0, 0,
2, 2, 0, 0, 100, 0, 0,
5, 1, 0, 0, 100, 0, 0,
2, 2, 0, 0, 100, 0, 0,
5, 1, 0, 0, 100, 0, 0,
2, 1, 1, 0, 104, 100, 0,
7, 1, 1, 0, 104, 104, 5,
27, 0, 1, 1, 3, 104, 101,
2, 1, 0, 0, 105, 0, 0,
20, 0, 0, 0, 2, 0, 0,
2, 1, 0, 0, 105, 1, 0,
6, 1, 0, 0, 105, 0, 0,
27, 0, 1, 0, 10, 105, 0,
2, 2, 2, 0, 100, 104, 0,
5, 1, 0, 0, 100, 0, 0,
5, 1, 0, 0, 104, 0, 0,
27, 0, 1, 1, 3, 104, 101,
2, 1, 0, 0, 105, 0, 0,
20, 0, 0, 0, 2, 0, 0,
2, 1, 0, 0, 105, 1, 0,
6, 1, 0, 0, 105, 0, 0,
21, 0, 0, 0, 9, 0, 0,
2, 2, 0, 0, 100, 46, 0,
5, 1, 0, 0, 100, 0, 0,
2, 2, 0, 0, 100, 0, 0,
5, 1, 0, 0, 100, 0, 0,
2, 2, 1, 0, 100, 102, 0,
5, 1, 0, 0, 100, 0, 0,
2, 2, 0, 0, 100, 0, 0,
5, 1, 0, 0, 100, 0, 0,
2, 2, 0, 0, 100, 0, 0,
5, 1, 0, 0, 100, 0, 0,
2, 2, 0, 0, 100, 0, 0,
5, 1, 0, 0, 100, 0, 0,
2, 2, 0, 0, 100, 0, 0,
5, 1, 0, 0, 100, 0, 0,
2, 2, 0, 0, 100, 0, 0,
5, 1, 0, 0, 100, 0, 0,
2, 2, 1, 0, 99, 100, 0,
8, 1, 1, 0, 99, 99, 3,
20, 0, 0, 0, 147, 0, 0,
27, 0, 1, 0, 3, 102, -1,
2, 1, 0, 0, 108, 0, 0,
20, 0, 0, 0, 2, 0, 0,
2, 1, 0, 0, 108, 1, 0,
27, 0, 1, 0, 3, 108, 0,
19, 2, 0, 0, 0, 0, 0,
20, 0, 0, 0, 1, 0, 0,
5, 1, 0, 0, 99, 0, 0,
2, 2, 1, 0, 99, 100, 0,
5, 1, 0, 0, 99, 0, 0,
2, 2, 1, 0, 99, 101, 0,
49, 0, 0, 0, 0, 301, 0,
2, 1, 2, 0, 109, 99, 0,
6, 1, 0, 0, 99, 0, 0,
2, 1, 2, 0, 101, 99, 0,
6, 1, 0, 0, 99, 0, 0,
2, 1, 2, 0, 100, 99, 0,
6, 1, 0, 0, 99, 0, 0,
27, 0, 1, 0, 3, 109, -1,
2, 1, 0, 0, 108, 0, 0,
20, 0, 0, 0, 2, 0, 0,
2, 1, 0, 0, 108, 1, 0,
27, 0, 1, 0, 3, 108, 0,
19, 2, 0, 0, 0, 0, 0,
20, 0, 0, 0, 1, 0, 0,
6, 1, 0, 0, 99, 0, 0,
2, 1, 2, 0, 101, 99, 0,
2, 1, 2, 0, 106, 99, 0,
6, 1, 0, 0, 99, 0, 0,
2, 1, 2, 0, 100, 99, 0,
6, 1, 0, 0, 100, 0, 0,
6, 1, 0, 0, 101, 0, 0,
8, 1, 1, 1, 106, 106, 100,
2, 1, 0, 0, 102, -7, 0,
2, 1, 0, 0, 108, 1, 0,
27, 0, 1, 0, 18, 108, 0,
7, 1, 1, 0, 102, 102, 7,
39, 1, 2, 0, 104, 102, 0,
27, 0, 1, 0, 3, 104, 46,
2, 1, 0, 0, 105, 0, 0,
20, 0, 0, 0, 2, 0, 0,
2, 1, 0, 0, 105, 1, 0,
27, 0, 1, 0, 10, 105, 0,
7, 1, 1, 0, 102, 102, 2,
39, 1, 2, 0, 104, 102, 0,
27, 0, 1, 0, 3, 104, -1,
2, 1, 0, 0, 108, 0, 0,
20, 0, 0, 0, 2, 0, 0,
2, 1, 0, 0, 108, 1, 0,
6, 1, 0, 0, 108, 0, 0,
8, 1, 1, 0, 102, 102, 2,
20, 0, 0, 0, 1, 0, 0,
21, 0, 0, 0, 17, 0, 0,
2, 1, 1, 0, 103, 102, 0,
2, 1, 0, 0, 108, 1, 0,
27, 0, 1, 0, 18, 108, 0,
7, 1, 1, 0, 103, 103, 7,
39, 1, 2, 0, 104, 103, 0,
27, 0, 1, 0, 3, 104, 46,
2, 1, 0, 0, 105, 0, 0,
20, 0, 0, 0, 2, 0, 0,
2, 1, 0, 0, 105, 1, 0,
27, 0, 1, 0, 10, 105, 0,
7, 1, 1, 0, 103, 103, 2,
39, 1, 2, 0, 104, 103, 0,
27, 0, 1, 0, 3, 104, -1,
2, 1, 0, 0, 108, 0, 0,
20, 0, 0, 0, 2, 0, 0,
2, 1, 0, 0, 108, 1, 0,
6, 1, 0, 0, 108, 0, 0,
8, 1, 1, 0, 103, 103, 2,
20, 0, 0, 0, 1, 0, 0,
21, 0, 0, 0, 17, 0, 0,
7, 1, 1, 0, 103, 103, 6,
2, 1, 1, 0, 107, 103, 0,
8, 1, 1, 1, 107, 107, 102,
5, 1, 0, 0, 107, 0, 0,
7, 1, 1, 0, 106, 106, 21,
7, 1, 1, 1, 106, 106, 107,
13, 1, 0, 0, 106, 0, 0,
2, 1, 0, 0, 105, 0, 0,
2, 1, 0, 0, 104, -130662, 0,
4, 2, 1, 0, 105, 104, 0,
7, 1, 1, 0, 105, 105, 2,
2, 1, 0, 0, 104, 3, 0,
4, 2, 1, 0, 105, 104, 0,
5, 1, 0, 0, 105, 0, 0,
4, 2, 1, 0, 105, 106, 0,
5, 1, 0, 0, 105, 0, 0,
2, 1, 0, 0, 104, 150, 0,
4, 2, 1, 0, 105, 104, 0,
5, 1, 0, 0, 105, 0, 0,
2, 1, 0, 0, 104, -1, 0,
4, 2, 1, 0, 105, 104, 0,
7, 1, 1, 0, 105, 105, 3,
2, 1, 0, 0, 104, 19, 0,
4, 2, 1, 0, 105, 104, 0,
7, 1, 1, 0, 105, 105, 4,
2, 1, 0, 0, 104, 36, 0,
4, 2, 1, 0, 105, 104, 0,
7, 1, 1, 0, 105, 105, 3,
8, 1, 1, 1, 106, 106, 107,
8, 1, 1, 0, 106, 106, 21,
2, 1, 1, 0, 106, 100, 0,
27, 0, 1, 1, 3, 106, 101,
2, 1, 0, 0, 104, 0, 0,
20, 0, 0, 0, 2, 0, 0,
2, 1, 0, 0, 104, 1, 0,
6, 1, 0, 0, 104, 0, 0,
27, 0, 1, 0, 11, 104, 0,
2, 1, 2, 0, 104, 106, 0,
4, 2, 1, 0, 105, 104, 0,
5, 1, 0, 0, 106, 0, 0,
5, 1, 0, 0, 105, 0, 0,
27, 0, 1, 1, 3, 106, 101,
2, 1, 0, 0, 104, 0, 0,
20, 0, 0, 0, 2, 0, 0,
2, 1, 0, 0, 104, 1, 0,
6, 1, 0, 0, 104, 0, 0,
21, 0, 0, 0, 10, 0, 0,
2, 1, 1, 0, 106, 102, 0,
27, 0, 1, 1, 3, 106, 103,
2, 1, 0, 0, 104, 0, 0,
20, 0, 0, 0, 2, 0, 0,
2, 1, 0, 0, 104, 1, 0,
6, 1, 0, 0, 104, 0, 0,
27, 0, 1, 0, 11, 104, 0,
39, 1, 2, 0, 104, 106, 0,
4, 2, 1, 0, 105, 104, 0,
5, 1, 0, 0, 106, 0, 0,
5, 1, 0, 0, 105, 0, 0,
27, 0, 1, 1, 3, 106, 103,
2, 1, 0, 0, 104, 0, 0,
20, 0, 0, 0, 2, 0, 0,
2, 1, 0, 0, 104, 1, 0,
6, 1, 0, 0, 104, 0, 0,
21, 0, 0, 0, 10, 0, 0,
5, 1, 0, 0, 105, 0, 0,
2, 1, 0, 0, 104, 46, 0,
4, 2, 1, 0, 105, 104, 0,
5, 1, 0, 0, 105, 0, 0,
2, 1, 0, 0, 104, -1, 0,
4, 2, 1, 0, 105, 104, 0,
17, 1, 1, 0, 108, 109, 0,
6, 2, 0, 0, 99, 0, 0,
19, 2, 0, 0, 0, 0, 0,
19, 2, 0, 0, 0, 0, 0,
46, 0, 210, 0, 0, 0, 0,
46, 0, 209, 0, 0, 0, 0,
5, 1, 0, 0, 99, 0, 0,
2, 1, 0, 0, 100, -7, 0,
2, 1, 0, 0, 102, 1, 0,
27, 0, 1, 0, 18, 102, 0,
7, 1, 1, 0, 100, 100, 7,
39, 1, 2, 0, 101, 100, 0,
27, 0, 1, 0, 3, 101, 46,
2, 1, 0, 0, 103, 0, 0,
20, 0, 0, 0, 2, 0, 0,
2, 1, 0, 0, 103, 1, 0,
27, 0, 1, 0, 10, 103, 0,
7, 1, 1, 0, 100, 100, 2,
39, 1, 2, 0, 101, 100, 0,
27, 0, 1, 0, 3, 101, -1,
2, 1, 0, 0, 102, 0, 0,
20, 0, 0, 0, 2, 0, 0,
2, 1, 0, 0, 102, 1, 0,
6, 1, 0, 0, 102, 0, 0,
8, 1, 1, 0, 100, 100, 2,
20, 0, 0, 0, 1, 0, 0,
21, 0, 0, 0, 17, 0, 0,
7, 1, 1, 0, 99, 99, 3,
2, 2, 0, 0, 99, 0, 0,
2, 1, 1, 0, 104, 99, 0,
2, 1, 0, 0, 102, 1, 0,
27, 0, 1, 0, 32, 102, 0,
7, 1, 1, 0, 100, 100, 7,
39, 1, 2, 0, 101, 100, 0,
27, 0, 1, 0, 3, 101, 46,
2, 1, 0, 0, 103, 0, 0,
20, 0, 0, 0, 2, 0, 0,
2, 1, 0, 0, 103, 1, 0,
27, 0, 1, 0, 10, 103, 0,
7, 1, 1, 0, 100, 100, 2,
39, 1, 2, 0, 101, 100, 0,
27, 0, 1, 0, 3, 101, -1,
2, 1, 0, 0, 102, 0, 0,
20, 0, 0, 0, 2, 0, 0,
2, 1, 0, 0, 102, 1, 0,
6, 1, 0, 0, 102, 0, 0,
8, 1, 1, 0, 100, 100, 2,
20, 0, 0, 0, 15, 0, 0,
2, 1, 0, 0, 105, -51452, 0,
5, 1, 0, 0, 105, 0, 0,
27, 0, 1, 1, 3, 101, 105,
2, 1, 0, 0, 103, 0, 0,
20, 0, 0, 0, 2, 0, 0,
2, 1, 0, 0, 103, 1, 0,
27, 0, 1, 0, 8, 103, 0,
5, 1, 0, 0, 100, 0, 0,
5, 1, 0, 0, 104, 0, 0,
5, 2, 0, 0, 99, 0, 0,
39, 1, 2, 0, 105, 100, 0,
2, 2, 1, 0, 104, 105, 0,
6, 1, 0, 0, 100, 0, 0,
20, 0, 0, 0, 1, 0, 0,
21, 0, 0, 0, 31, 0, 0,
2, 1, 1, 0, 105, 99, 0,
2, 1, 2, 0, 104, 99, 0,
7, 1, 1, 1, 105, 105, 104,
5, 1, 0, 0, 105, 0, 0,
6, 1, 0, 0, 99, 0, 0,
2, 2, 1, 0, 99, 105, 0,
6, 1, 0, 0, 99, 0, 0,
2, 2, 1, 0, 99, 105, 0,
8, 1, 1, 0, 99, 99, 2,
19, 2, 0, 0, 0, 0, 0,
46, 0, 209, 0, 0, 0, 0,
46, 0, 206, 0, 0, 0, 0,
5, 1, 0, 0, 99, 0, 0,
5, 1, 0, 0, 99, 0, 0,
2, 1, 2, 0, 100, 99, 0,
5, 1, 0, 0, 100, 0, 0,
2, 2, 1, 0, 100, 100, 0,
2, 1, 1, 0, 100, 99, 0,
5, 1, 0, 0, 100, 0, 0,
2, 2, 1, 0, 100, 100, 0,
2, 1, 2, 0, 101, 100, 0,
7, 1, 1, 0, 101, 101, 2,
2, 2, 1, 0, 100, 101, 0,
2, 1, 1, 0, 100, 99, 0,
5, 1, 0, 0, 100, 0, 0,
2, 1, 2, 0, 103, 100, 0,
2, 1, 2, 0, 104, 99, 0,
30, 0, 1, 1, 3, 103, 104,
2, 1, 0, 0, 101, 0, 0,
20, 0, 0, 0, 2, 0, 0,
2, 1, 0, 0, 101, 1, 0,
27, 0, 1, 0, 15, 101, 0,
5, 1, 0, 0, 99, 0, 0,
2, 1, 2, 0, 102, 100, 0,
2, 1, 2, 0, 102, 102, 0,
49, 0, 1, 0, 0, 102, 0,
6, 1, 0, 0, 99, 0, 0,
2, 1, 1, 0, 100, 99, 0,
5, 1, 0, 0, 100, 0, 0,
2, 1, 2, 0, 103, 100, 0,
2, 1, 2, 0, 104, 99, 0,
30, 0, 1, 1, 3, 103, 104,
2, 1, 0, 0, 101, 0, 0,
20, 0, 0, 0, 2, 0, 0,
2, 1, 0, 0, 101, 1, 0,
21, 0, 0, 0, 14, 0, 0,
2, 1, 2, 0, 100, 99, 0,
5, 1, 0, 0, 100, 0, 0,
2, 1, 2, 0, 101, 100, 0,
2, 1, 2, 0, 102, 100, 0,
8, 1, 1, 1, 102, 102, 100,
2, 1, 1, 0, 103, 99, 0,
7, 1, 1, 1, 103, 103, 102,
2, 2, 1, 0, 99, 103, 0,
2, 1, 1, 0, 105, 99, 0,
7, 1, 1, 0, 105, 105, 7,
28, 0, 1, 1, 3, 100, 101,
2, 1, 0, 0, 106, 0, 0,
20, 0, 0, 0, 2, 0, 0,
2, 1, 0, 0, 106, 1, 0,
27, 0, 1, 0, 9, 106, 0,
5, 1, 0, 0, 100, 0, 0,
5, 1, 0, 0, 105, 0, 0,
2, 2, 2, 0, 105, 100, 0,
28, 0, 1, 1, 3, 100, 101,
2, 1, 0, 0, 106, 0, 0,
20, 0, 0, 0, 2, 0, 0,
2, 1, 0, 0, 106, 1, 0,
21, 0, 0, 0, 8, 0, 0,
2, 1, 2, 0, 103, 99, 0,
7, 1, 1, 0, 103, 103, 7,
2, 2, 1, 0, 99, 103, 0,
6, 1, 0, 0, 99, 0, 0,
6, 1, 0, 0, 99, 0, 0,
19, 2, 0, 0, 0, 0, 0,
46, 0, 206, 0, 0, 0, 0,
46, 0, 207, 0, 0, 0, 0,
2, 1, 0, 0, 100, -7, 0,
2, 1, 0, 0, 102, 1, 0,
27, 0, 1, 0, 18, 102, 0,
7, 1, 1, 0, 100, 100, 7,
39, 1, 2, 0, 101, 100, 0,
27, 0, 1, 0, 3, 101, 46,
2, 1, 0, 0, 103, 0, 0,
20, 0, 0, 0, 2, 0, 0,
2, 1, 0, 0, 103, 1, 0,
27, 0, 1, 0, 10, 103, 0,
7, 1, 1, 0, 100, 100, 2,
39, 1, 2, 0, 101, 100, 0,
27, 0, 1, 0, 3, 101, -1,
2, 1, 0, 0, 102, 0, 0,
20, 0, 0, 0, 2, 0, 0,
2, 1, 0, 0, 102, 1, 0,
6, 1, 0, 0, 102, 0, 0,
8, 1, 1, 0, 100, 100, 2,
20, 0, 0, 0, 1, 0, 0,
21, 0, 0, 0, 17, 0, 0,
2, 1, 0, 0, 105, -51452, 0,
5, 1, 0, 0, 105, 0, 0,
2, 1, 2, 0, 103, 99, 0,
2, 1, 0, 0, 102, 1, 0,
27, 0, 1, 0, 18, 102, 0,
7, 1, 1, 0, 100, 100, 7,
39, 1, 2, 0, 101, 100, 0,
27, 0, 1, 1, 3, 105, 101,
2, 1, 0, 0, 104, 0, 0,
20, 0, 0, 0, 2, 0, 0,
2, 1, 0, 0, 104, 1, 0,
27, 0, 1, 0, 10, 104, 0,
5, 1, 0, 0, 100, 0, 0,
39, 1, 2, 0, 101, 100, 0,
27, 0, 1, 1, 3, 101, 103,
2, 1, 0, 0, 102, 0, 0,
20, 0, 0, 0, 2, 0, 0,
2, 1, 0, 0, 102, 1, 0,
6, 1, 0, 0, 102, 0, 0,
6, 1, 0, 0, 100, 0, 0,
20, 0, 0, 0, 1, 0, 0,
21, 0, 0, 0, 17, 0, 0,
5, 1, 0, 0, 99, 0, 0,
2, 1, 1, 0, 101, 99, 0,
5, 1, 0, 0, 101, 0, 0,
2, 2, 0, 0, 101, 0, 0,
5, 1, 0, 0, 101, 0, 0,
2, 2, 0, 0, 101, 0, 0,
5, 1, 0, 0, 100, 0, 0,
2, 1, 0, 0, 105, -77143, 0,
5, 1, 0, 0, 105, 0, 0,
2, 1, 0, 0, 102, 1, 0,
27, 0, 1, 0, 12, 102, 0,
5, 1, 0, 0, 100, 0, 0,
5, 1, 0, 0, 101, 0, 0,
39, 1, 2, 0, 104, 100, 0,
2, 2, 1, 0, 101, 104, 0,
2, 1, 2, 0, 102, 101, 0,
27, 0, 1, 1, 3, 102, 105,
2, 1, 0, 0, 102, 0, 0,
20, 0, 0, 0, 2, 0, 0,
2, 1, 0, 0, 102, 1, 0,
6, 1, 0, 0, 102, 0, 0,
21, 0, 0, 0, 11, 0, 0,
6, 1, 0, 0, 101, 0, 0,
2, 2, 1, 0, 99, 101, 0,
6, 1, 0, 0, 99, 0, 0,
6, 1, 0, 0, 99, 0, 0,
2, 2, 1, 0, 99, 103, 0,
19, 2, 0, 0, 0, 0, 0,
46, 0, 207, 0, 0, 0, 0,
46, 0, 208, 0, 0, 0, 0,
3, 1, 1, 0, 100, 2, 0,
5, 1, 0, 0, 99, 0, 0,
2, 2, 1, 0, 99, 100, 0,
49, 0, 0, 0, 0, 207, 0,
49, 0, 0, 0, 0, 206, 0,
2, 1, 1, 0, 101, 99, 0,
7, 1, 1, 0, 101, 101, 3,
2, 1, 1, 0, 102, 101, 0,
2, 1, 0, 0, 101, 46, 0,
5, 1, 0, 0, 101, 0, 0,
2, 2, 0, 0, 101, 0, 0,
5, 1, 0, 0, 101, 0, 0,
2, 2, 2, 0, 101, 99, 0,
5, 1, 0, 0, 101, 0, 0,
2, 2, 0, 0, 101, 0, 0,
5, 1, 0, 0, 101, 0, 0,
2, 2, 0, 0, 101, 0, 0,
5, 1, 0, 0, 101, 0, 0,
2, 2, 0, 0, 101, 0, 0,
5, 1, 0, 0, 101, 0, 0,
2, 2, 0, 0, 101, 0, 0,
2, 1, 1, 0, 101, 99, 0,
7, 1, 1, 0, 101, 101, 2,
2, 1, 2, 0, 101, 101, 0,
5, 1, 0, 0, 101, 0, 0,
2, 1, 0, 0, 101, 46, 0,
5, 1, 0, 0, 101, 0, 0,
2, 2, 0, 0, 101, 0, 0,
5, 1, 0, 0, 101, 0, 0,
2, 2, 2, 0, 101, 99, 0,
5, 1, 0, 0, 101, 0, 0,
2, 2, 0, 0, 101, 0, 0,
5, 1, 0, 0, 101, 0, 0,
2, 2, 0, 0, 101, 0, 0,
5, 1, 0, 0, 101, 0, 0,
2, 2, 0, 0, 101, 0, 0,
5, 1, 0, 0, 101, 0, 0,
2, 2, 0, 0, 101, 0, 0,
2, 1, 0, 0, 104, -7, 0,
2, 1, 0, 0, 103, 1, 0,
27, 0, 1, 0, 18, 103, 0,
7, 1, 1, 0, 104, 104, 7,
39, 1, 2, 0, 103, 104, 0,
27, 0, 1, 0, 3, 103, 46,
2, 1, 0, 0, 105, 0, 0,
20, 0, 0, 0, 2, 0, 0,
2, 1, 0, 0, 105, 1, 0,
27, 0, 1, 0, 10, 105, 0,
5, 1, 0, 0, 104, 0, 0,
39, 1, 2, 0, 103, 104, 0,
27, 0, 1, 0, 3, 103, -1,
2, 1, 0, 0, 103, 0, 0,
20, 0, 0, 0, 2, 0, 0,
2, 1, 0, 0, 103, 1, 0,
6, 1, 0, 0, 103, 0, 0,
6, 1, 0, 0, 104, 0, 0,
20, 0, 0, 0, 1, 0, 0,
21, 0, 0, 0, 17, 0, 0,
45, 2, 2, 2, 104, 102, 101,
19, 2, 0, 0, 0, 0, 0,
46, 0, 208, 0, 0, 0, 0,
46, 0, 2, 0, 0, 0, 0,
12, 1, 0, 0, 100, 0, 0,
28, 0, 1, 0, 3, 100, 2,
2, 1, 0, 0, 101, 0, 0,
20, 0, 0, 0, 2, 0, 0,
2, 1, 0, 0, 101, 1, 0,
27, 0, 1, 0, 3, 101, 0,
19, 2, 0, 0, 0, 0, 0,
20, 0, 0, 0, 1, 0, 0,
3, 1, 1, 0, 102, 0, 0,
27, 0, 1, 0, 3, 102, 3,
2, 1, 0, 0, 101, 0, 0,
20, 0, 0, 0, 2, 0, 0,
2, 1, 0, 0, 101, 1, 0,
27, 0, 1, 0, 5, 101, 0,
3, 1, 1, 0, 103, 1, 0,
49, 0, 0, 0, 0, 103, 0,
19, 2, 0, 0, 0, 0, 0,
20, 0, 0, 0, 1, 0, 0,
27, 0, 1, 0, 3, 102, 4,
2, 1, 0, 0, 101, 0, 0,
20, 0, 0, 0, 2, 0, 0,
2, 1, 0, 0, 101, 1, 0,
27, 0, 1, 0, 8, 101, 0,
3, 1, 1, 0, 103, 1, 0,
5, 1, 0, 0, 99, 0, 0,
2, 2, 1, 0, 99, 103, 0,
49, 0, 0, 0, 0, 302, 0,
6, 1, 0, 0, 99, 0, 0,
19, 2, 0, 0, 0, 0, 0,
20, 0, 0, 0, 1, 0, 0,
3, 1, 1, 0, 103, 1, 0,
49, 0, 1, 0, 0, 103, 0,
19, 2, 0, 0, 0, 0, 0,
46, 0, 2, 0, 0, 0, 0,
46, 0, 301, 0, 0, 0, 0,
14, 1, 0, 0, 100, 0, 0,
5, 1, 0, 0, 99, 0, 0,
2, 2, 0, 0, 99, -1, 0,
2, 1, 0, 0, 101, 0, 0,
2, 1, 0, 0, 102, 1, 0,
27, 0, 1, 0, 14, 102, 0,
15, 1, 1, 0, 103, 101, 0,
6, 1, 0, 0, 103, 0, 0,
5, 1, 0, 0, 101, 0, 0,
27, 0, 1, 0, 7, 103, 0,
27, 0, 1, 1, 3, 101, 100,
2, 1, 0, 0, 102, 0, 0,
20, 0, 0, 0, 2, 0, 0,
2, 1, 0, 0, 102, 1, 0,
6, 1, 0, 0, 102, 0, 0,
20, 0, 0, 0, 3, 0, 0,
2, 2, 1, 0, 99, 101, 0,
2, 1, 0, 0, 102, 0, 0,
21, 0, 0, 0, 13, 0, 0,
19, 2, 0, 0, 0, 0, 0,
46, 0, 301, 0, 0, 0, 0,
46, 0, 300, 0, 0, 0, 0,
14, 1, 0, 0, 100, 0, 0,
2, 1, 0, 0, 104, 0, 0,
2, 1, 0, 0, 108, 1, 0,
27, 0, 1, 0, 42, 108, 0,
27, 0, 1, 1, 3, 100, 104,
2, 1, 0, 0, 108, 0, 0,
20, 0, 0, 0, 2, 0, 0,
2, 1, 0, 0, 108, 1, 0,
27, 0, 1, 0, 4, 108, 0,
2, 2, 0, 0, 99, -1, 0,
19, 2, 0, 0, 0, 0, 0,
20, 0, 0, 0, 1, 0, 0,
6, 1, 0, 0, 108, 0, 0,
16, 1, 0, 0, 104, 0, 0,
5, 1, 0, 0, 104, 0, 0,
12, 1, 0, 0, 101, 0, 0,
31, 0, 1, 0, 3, 101, 2,
2, 1, 0, 0, 106, 0, 0,
20, 0, 0, 0, 2, 0, 0,
2, 1, 0, 0, 106, 1, 0,
27, 0, 1, 0, 24, 106, 0,
3, 1, 1, 0, 102, 0, 0,
3, 1, 1, 0, 103, 1, 0,
27, 0, 1, 0, 3, 102, 3,
2, 1, 0, 0, 106, 0, 0,
20, 0, 0, 0, 2, 0, 0,
2, 1, 0, 0, 106, 1, 0,
27, 0, 1, 0, 16, 106, 0,
2, 1, 2, 0, 105, 99, 0,
27, 0, 1, 1, 3, 103, 105,
2, 1, 0, 0, 106, 0, 0,
20, 0, 0, 0, 2, 0, 0,
2, 1, 0, 0, 106, 1, 0,
27, 0, 1, 0, 3, 105, -1,
2, 1, 0, 0, 107, 0, 0,
20, 0, 0, 0, 2, 0, 0,
2, 1, 0, 0, 107, 1, 0,
7, 1, 1, 1, 106, 106, 107,
27, 0, 1, 0, 4, 106, 0,
2, 2, 0, 0, 99, 1, 0,
19, 2, 0, 0, 0, 0, 0,
20, 0, 0, 0, 1, 0, 0,
20, 0, 0, 0, 1, 0, 0,
20, 0, 0, 0, 1, 0, 0,
21, 0, 0, 0, 41, 0, 0,
2, 2, 0, 0, 99, 0, 0,
19, 2, 0, 0, 0, 0, 0,
46, 0, 300, 0, 0, 0, 0,
46, 0, 201, 0, 0, 0, 0,
2, 1, 0, 0, 107, 1, 0,
2, 1, 0, 0, 105, 0, 0,
27, 0, 1, 0, 20, 107, 0,
39, 1, 2, 0, 100, 105, 0,
27, 0, 1, 0, 3, 100, 46,
2, 1, 0, 0, 106, 0, 0,
20, 0, 0, 0, 2, 0, 0,
2, 1, 0, 0, 106, 1, 0,
27, 0, 1, 0, 12, 106, 0,
5, 1, 0, 0, 6, 0, 0,
39, 1, 2, 0, 100, 105, 0,
6, 1, 0, 0, 6, 0, 0,
27, 0, 1, 0, 3, 100, -1,
2, 1, 0, 0, 106, 0, 0,
20, 0, 0, 0, 2, 0, 0,
2, 1, 0, 0, 106, 1, 0,
27, 0, 1, 0, 3, 106, 0,
2, 1, 0, 0, 107, 0, 0,
20, 0, 0, 0, 1, 0, 0,
20, 0, 0, 0, 1, 0, 0,
7, 1, 1, 0, 105, 105, 7,
21, 0, 0, 0, 19, 0, 0,
3, 1, 1, 0, 100, 1, 0,
2, 1, 0, 0, 101, 1, 0,
2, 1, 0, 0, 102, 2000, 0,
2, 1, 1, 0, 103, 102, 0,
12, 1, 0, 0, 104, 0, 0,
2, 2, 0, 0, 103, 46, 0,
5, 1, 0, 0, 103, 0, 0,
2, 2, 0, 0, 103, 0, 0,
5, 1, 0, 0, 103, 0, 0,
2, 2, 1, 0, 103, 100, 0,
5, 1, 0, 0, 103, 0, 0,
2, 2, 0, 0, 103, 0, 0,
5, 1, 0, 0, 103, 0, 0,
2, 2, 0, 0, 103, 0, 0,
5, 1, 0, 0, 103, 0, 0,
2, 2, 0, 0, 103, 0, 0,
5, 1, 0, 0, 103, 0, 0,
2, 2, 0, 0, 103, 0, 0,
2, 1, 0, 0, 107, 1, 0,
27, 0, 1, 0, 12, 107, 0,
5, 1, 0, 0, 101, 0, 0,
5, 1, 0, 0, 103, 0, 0,
27, 0, 1, 1, 3, 101, 104,
2, 1, 0, 0, 107, 0, 0,
20, 0, 0, 0, 2, 0, 0,
2, 1, 0, 0, 107, 1, 0,
6, 1, 0, 0, 107, 0, 0,
27, 0, 1, 0, 3, 107, 0,
3, 2, 2, 0, 103, 2, 0,
20, 0, 0, 0, 1, 0, 0,
21, 0, 0, 0, 11, 0, 0,
2, 2, 0, 0, 103, 46, 0,
5, 1, 0, 0, 103, 0, 0,
2, 2, 0, 0, 103, 0, 0,
5, 1, 0, 0, 103, 0, 0,
2, 2, 1, 0, 103, 100, 0,
5, 1, 0, 0, 103, 0, 0,
2, 2, 0, 0, 103, 0, 0,
5, 1, 0, 0, 103, 0, 0,
2, 2, 0, 0, 103, 0, 0,
5, 1, 0, 0, 103, 0, 0,
2, 2, 0, 0, 103, 0, 0,
5, 1, 0, 0, 103, 0, 0,
2, 2, 0, 0, 103, 0, 0,
5, 1, 0, 0, 103, 0, 0,
45, 2, 2, 2, 105, 102, 103,
19, 2, 0, 0, 0, 0, 0,
46, 0, 201, 0, 0, 0, 0,
46, 0, 200, 0, 0, 0, 0,
2, 1, 0, 0, 100, 1, 0,
2, 1, 0, 0, 101, -7, 0,
27, 0, 1, 0, 18, 100, 0,
7, 1, 1, 0, 101, 101, 7,
39, 1, 2, 0, 102, 101, 0,
27, 0, 1, 0, 3, 102, 46,
2, 1, 0, 0, 100, 0, 0,
20, 0, 0, 0, 2, 0, 0,
2, 1, 0, 0, 100, 1, 0,
27, 0, 1, 0, 9, 100, 0,
5, 1, 0, 0, 101, 0, 0,
39, 1, 2, 0, 102, 101, 0,
6, 1, 0, 0, 101, 0, 0,
27, 0, 1, 0, 3, 101, -1,
2, 1, 0, 0, 100, 0, 0,
20, 0, 0, 0, 2, 0, 0,
2, 1, 0, 0, 100, 1, 0,
20, 0, 0, 0, 1, 0, 0,
6, 1, 0, 0, 100, 0, 0,
21, 0, 0, 0, 17, 0, 0,
7, 1, 1, 0, 101, 101, 7,
43, 1, 1, 0, 2, 101, 0,
19, 2, 0, 0, 0, 0, 0,
46, 0, 200, 0, 0, 0, 0,
46, 0, 103, 0, 0, 0, 0,
49, 0, 0, 0, 0, 300, 0,
2, 1, 2, 0, 100, 99, 0,
6, 1, 0, 0, 99, 0, 0,
27, 0, 1, 0, 3, 100, 0,
49, 0, 0, 0, 0, 201, 0,
20, 0, 0, 0, 1, 0, 0,
19, 2, 0, 0, 0, 0, 0,
46, 0, 103, 0, 0, 0, 0,
46, 0, -1, 0, 0, 0, 0,
-51451, 103, 10000, 125, 1, 10001, 11500,
300, 10211, 1, 10500, 1, 11500, 201,
10600, 10700, 9999, -77142, 0, 0, 0,
-51451, 200, 10000, 125, 3, 10001, 10100,
1, 1, 10100, 2, -7, 10500, 1,
11402, 0, 2, 7, 10150, 3, 2,
11300, 0, 3, 46, 1, 10500, 1,
11451, 0, 2, 10150, 3, 2, 11451,
1, 2, 11300, 0, 2, -1, 1,
10600, 10700, 11451, 1, 1, 10800, 11402,
0, 2, 7, 12001, 2, 2, 9999,
-77142, 0, 0, 0, 0, 0, 0,
-51451, 201, 10000, 125, 9, 10001, 10100,
8, 1, 10100, 6, 0, 10500, 8,
10150, 1, 6, 11300, 0, 1, 46,
7, 10500, 7, 11450, 0, 6, 10150,
1, 6, 11450, 1, 6, 11300, 0,
1, -1, 7, 10500, 7, 10100, 8,
0, 10600, 10700, 10600, 10700, 11402, 0,
6, 7, 10800, 10200, 1, 1, 10100,
2, 1, 10100, 3, 2000, 10110, 4,
3, 11010, 5, 10101, 4, 46, 11451,
0, 4, 10101, 4, 0, 11451, 0,
4, 10111, 4, 1, 11451, 0, 4,
10101, 4, 0, 11451, 0, 4, 10101,
4, 0, 11451, 0, 4, 10101, 4,
0, 11451, 0, 4, 10101, 4, 0,
10100, 8, 1, 10500, 8, 11451, 0,
2, 11451, 0, 4, 11350, 0, 2,
5, 8, 11451, 1, 8, 10500, 8,
10203, 4, 2, 10600, 10700, 10800, 10101,
4, 46, 11451, 0, 4, 10101, 4,
0, 11451, 0, 4, 10111, 4, 1,
11451, 0, 4, 10101, 4, 0, 11451,
0, 4, 10101, 4, 0, 11451, 0,
4, 10101, 4, 0, 11451, 0, 4,
10101, 4, 0, 11451, 0, 4, 10170,
6, 3, 4, 9999, -77142, 0, 0,
-51451, 300, 10000, 125, 9, 10001, 13000,
1, 10100, 5, 0, 10100, 9, 1,
10500, 9, 11350, 0, 1, 5, 9,
10500, 9, 11200, -1, 9999, 10600, 10700,
11451, 1, 9, 13001, 5, 11451, 0,
5, 11010, 2, 11300, 5, 2, 2,
7, 10500, 7, 10200, 3, 0, 10200,
4, 1, 11300, 0, 3, 3, 7,
10500, 7, 10210, 6, 11350, 0, 4,
6, 7, 11300, 0, 6, -1, 8,
11403, 0, 7, 8, 10500, 7, 11200,
1, 9999, 10600, 10700, 10600, 10700, 10600,
10700, 10800, 11200, 0, 9999, -77142, 0,
-51451, 301, 10000, 125, 4, 10001, 13000,
1, 11100, -1, 10100, 2, 0, 10100,
3, 1, 10500, 3, 13100, 4, 2,
11451, 1, 4, 11451, 0, 2, 10500,
4, 11350, 0, 2, 1, 3, 11451,
1, 3, 10600, 11250, 2, 10100, 3,
0, 10700, 10800, 9999, -77142, 0, 0,
-51451, 2, 10000, 125, 4, 10001, 11010,
1, 11300, 1, 1, 2, 2, 10500,
2, 9999, 10600, 10700, 10200, 3, 0,
11300, 0, 3, 3, 2, 10500, 2,
10200, 4, 1, 11500, 103, 9999, 10600,
10700, 11300, 0, 3, 4, 2, 10500,
2, 10200, 4, 1, 11150, 4, 11500,
302, 11450, 1, 99, 9999, 10600, 10700,
10200, 4, 1, 11501, 4, 9999, -77142,
-51451, 208, 10000, 125, 6, 10001, 10200,
1, 2, 11150, 1, 11500, 207, 11500,
206, 15003, 2, 11402, 0, 2, 3,
10110, 3, 2, 10100, 2, 46, 11451,
0, 2, 10101, 2, 0, 11451, 0,
2, 10212, 2, 11451, 0, 2, 10101,
2, 0, 11451, 0, 2, 10101, 2,
0, 11451, 0, 2, 10101, 2, 0,
11451, 0, 2, 10101, 2, 0, 15003,
2, 11402, 0, 2, 2, 10112, 2,
2, 11451, 0, 2, 10100, 2, 46,
11451, 0, 2, 10101, 2, 0, 11451,
0, 2, 10212, 2, 11451, 0, 2,
10101, 2, 0, 11451, 0, 2, 10101,
2, 0, 11451, 0, 2, 10101, 2,
0, 11451, 0, 2, 10101, 2, 0,
10100, 5, -7, 10100, 4, 1, 10500,
4, 11402, 0, 5, 7, 10150, 4,
5, 11300, 0, 4, 46, 6, 10500,
6, 11451, 0, 5, 10150, 4, 5,
11300, 0, 4, -1, 4, 11451, 1,
4, 11451, 1, 5, 10600, 10700, 10800,
15004, 5, 3, 2, 9999, -77142, 0,
-51451, 207, 10000, 125, 6, 10001, 10100,
1, -7, 10100, 3, 1, 10500, 3,
11402, 0, 1, 7, 10150, 2, 1,
11300, 0, 2, 46, 4, 10500, 4,
11402, 0, 1, 2, 10150, 2, 1,
11300, 0, 2, -1, 3, 11451, 1,
3, 11402, 1, 1, 2, 10600, 10700,
10800, 10100, 6, -51452, 11451, 0, 6,
10210, 4, 10100, 3, 1, 10500, 3,
11402, 0, 1, 7, 10150, 2, 1,
11350, 0, 6, 2, 5, 10500, 5,
11451, 0, 1, 10150, 2, 1, 11350,
0, 2, 4, 3, 11451, 1, 3,
11451, 1, 1, 10600, 10700, 10800, 11450,
0, 99, 15003, 2, 11451, 0, 2,
10101, 2, 0, 11451, 0, 2, 10101,
2, 0, 11451, 0, 1, 10100, 6,
-77143, 11451, 0, 6, 10100, 3, 1,
10500, 3, 11451, 0, 1, 11451, 0,
2, 10150, 5, 1, 10111, 2, 5,
10112, 3, 2, 11350, 0, 3, 6,
3, 11451, 1, 3, 10800, 11451, 1,
2, 11250, 2, 11450, 1, 99, 11450,
1, 99, 11250, 4, 9999, -77142, 0,
-51451, 206, 10000, 125, 6, 10001, 11450,
0, 99, 11450, 0, 99, 10210, 1,
11451, 0, 1, 10111, 1, 1, 15003,
1, 11451, 0, 1, 10111, 1, 1,
10112, 2, 1, 11402, 0, 2, 2,
10111, 1, 2, 15003, 1, 11451, 0,
1, 10112, 4, 1, 10210, 5, 11350,
3, 4, 5, 2, 10500, 2, 11450,
0, 99, 10112, 3, 1, 10112, 3,
3, 11501, 3, 11450, 1, 99, 15003,
1, 11451, 0, 1, 10112, 4, 1,
10210, 5, 11350, 3, 4, 5, 2,
10800, 10210, 1, 11451, 0, 1, 10112,
2, 1, 10112, 3, 1, 11403, 1,
3, 1, 15003, 4, 11403, 0, 4,
3, 11250, 4, 15003, 6, 11402, 0,
6, 7, 11350, 1, 1, 2, 7,
10500, 7, 11451, 0, 1, 11451, 0,
6, 10113, 6, 1, 11350, 1, 1,
2, 7, 10800, 10210, 4, 11402, 0,
4, 7, 11250, 4, 11450, 1, 99,
11450, 1, 99, 9999, -77142, 0, 0,
-51451, 209, 10000, 125, 6, 10001, 11450,
0, 99, 10100, 1, -7, 10100, 3,
1, 10500, 3, 11402, 0, 1, 7,
10150, 2, 1, 11300, 0, 2, 46,
4, 10500, 4, 11402, 0, 1, 2,
10150, 2, 1, 11300, 0, 2, -1,
3, 11451, 1, 3, 11402, 1, 1,
2, 10600, 10700, 10800, 11400, 0, 99,
3, 11200, 0, 10115, 5, 99, 10100,
3, 1, 10500, 3, 11402, 0, 1,
7, 10150, 2, 1, 11300, 0, 2,
46, 4, 10500, 4, 11402, 0, 1,
2, 10150, 2, 1, 11300, 0, 2,
-1, 3, 11451, 1, 3, 11402, 1,
1, 2, 10600, 10100, 6, -51452, 11451,
0, 6, 11350, 0, 2, 6, 4,
10500, 4, 11451, 0, 1, 11451, 0,
5, 11453, 0, 10150, 6, 1, 10111,
5, 6, 11451, 1, 1, 10600, 10700,
10700, 10800, 15003, 6, 10210, 5, 11403,
0, 6, 5, 11451, 0, 6, 11450,
1, 99, 11250, 6, 11450, 1, 99,
11250, 6, 11400, 1, 99, 2, 9999,
-77142, 0, 0, 0, 0, 0, 0,
-51451, 210, 10000, 125, 10, 10001, 11400,
0, 99, 2, 10210, 1, 11450, 0,
99, 10210, 2, 11450, 0, 99, 10210,
3, 10500, 3, 10115, 4, 99, 11403,
0, 3, 4, 10112, 5, 3, 11451,
0, 3, 10111, 2, 4, 10114, 99,
2, 11150, 5, 11150, 5, 11500, 207,
11500, 206, 10210, 3, 11450, 1, 99,
10210, 4, 11400, 0, 99, 3, 10210,
2, 11451, 0, 2, 10114, 99, 4,
11453, 1, 11450, 1, 99, 11453, 1,
10210, 1, 10101, 1, 46, 11451, 0,
1, 10101, 1, 0, 11451, 0, 1,
10111, 1, 3, 11451, 0, 1, 10101,
1, 0, 11451, 0, 1, 10101, 1,
0, 11451, 0, 1, 10101, 1, 0,
11451, 0, 1, 10101, 1, 0, 11451,
0, 1, 10110, 5, 1, 11402, 0,
5, 5, 11350, 0, 5, 2, 6,
11451, 1, 6, 10500, 6, 10113, 1,
5, 11451, 0, 1, 11451, 0, 5,
11350, 0, 5, 2, 6, 11451, 1,
6, 10800, 10101, 1, 46, 11451, 0,
1, 10101, 1, 0, 11451, 0, 1,
10111, 1, 3, 11451, 0, 1, 10101,
1, 0, 11451, 0, 1, 10101, 1,
0, 11451, 0, 1, 10101, 1, 0,
11451, 0, 1, 10101, 1, 0, 11451,
0, 1, 10101, 1, 0, 11451, 0,
1, 11250, 1, 11400, 1, 99, 3,
10600, 11300, 0, 3, -1, 9, 10500,
9, 9999, 10600, 10700, 11150, 1, 11150,
2, 11500, 301, 10211, 10, 10211, 2,
10211, 1, 11300, 0, 10, -1, 9,
10500, 9, 9999, 10600, 10700, 11450, 1,
99, 10210, 2, 10210, 7, 11450, 1,
99, 10210, 1, 11451, 1, 1, 11451,
1, 2, 11403, 1, 7, 1, 10100,
3, -7, 10100, 9, 1, 10500, 9,
11402, 0, 3, 7, 10150, 5, 3,
11300, 0, 5, 46, 6, 10500, 6,
11402, 0, 3, 2, 10150, 5, 3,
11300, 0, 5, -1, 9, 11451, 1,
9, 11402, 1, 3, 2, 10600, 10700,
10800, 10110, 4, 3, 10100, 9, 1,
10500, 9, 11402, 0, 4, 7, 10150,
5, 4, 11300, 0, 5, 46, 6,
10500, 6, 11402, 0, 4, 2, 10150,
5, 4, 11300, 0, 5, -1, 9,
11451, 1, 9, 11402, 1, 4, 2,
10600, 10700, 10800, 11402, 0, 4, 6,
10110, 8, 4, 11403, 1, 8, 3,
11451, 0, 8, 11402, 0, 7, 21,
11403, 0, 7, 8, 11001, 7, 10100,
6, 0, 10100, 5, -130662, 10250, 6,
5, 11402, 0, 6, 2, 10100, 5,
3, 10250, 6, 5, 11451, 0, 6,
10250, 6, 7, 11451, 0, 6, 10100,
5, 150, 10250, 6, 5, 11451, 0,
6, 10100, 5, -1, 10250, 6, 5,
11402, 0, 6, 3, 10100, 5, 19,
10250, 6, 5, 11402, 0, 6, 4,
10100, 5, 36, 10250, 6, 5, 11402,
0, 6, 3, 11403, 1, 7, 8,
11402, 1, 7, 21, 10110, 7, 1,
11350, 0, 7, 2, 5, 11451, 1,
5, 10500, 5, 10112, 5, 7, 10250,
6, 5, 11451, 0, 7, 11451, 0,
6, 11350, 0, 7, 2, 5, 11451,
1, 5, 10800, 10110, 7, 3, 11350,
0, 7, 4, 5, 11451, 1, 5,
10500, 5, 10150, 5, 7, 10250, 6,
5, 11451, 0, 7, 11451, 0, 6,
11350, 0, 7, 4, 5, 11451, 1,
5, 10800, 11451, 0, 6, 10100, 5,
46, 10250, 6, 5, 11451, 0, 6,
10100, 5, -1, 10250, 6, 5, 13200,
9, 10, 11453, 1, 9999, 10700, 9999,
-77142, 0, 0, 0, 0, 0, 0,
-51451, 10000, 10000, 125, 3, 10001, 14000,
10112, 2, 1, 10112, 2, 2, 10114,
98, 2, 11452, 0, 1, 10112, 3,
1, 10113, 2, 3, 11452, 0, 1,
9999, -77142, 0, 0, 0, 0, 0,
-51451, 10001, 10000, 125, 5, 10001, 14000,
10115, 2, 98, 10110, 3, 2, 10112,
4, 2, 11403, 0, 3, 4, 10100,
4, 100, 11350, 1, 2, 3, 5,
10500, 5, 11451, 0, 2, 10111, 2,
4, 11451, 0, 4, 11350, 1, 2,
3, 5, 10800, 9999, -77142, 0, 0,
-51451, 10100, 10000, 125, 3, 10001, 14000,
14010, 14201, 14102, 14101, 14101, 14310, 14300,
14101, 9999, -77142, 0, 0, 0, 0,
-51451, 10101, 10000, 125, 3, 10001, 14000,
14010, 14201, 14103, 14101, 14101, 14310, 14300,
14101, 9999, -77142, 0, 0, 0, 0,
-51451, 10110, 10000, 125, 3, 10001, 14000,
14010, 14201, 14102, 14102, 14101, 14310, 14310,
14101, 9999, -77142, 0, 0, 0, 0,
-51451, 10111, 10000, 125, 3, 10001, 14000,
14010, 14201, 14103, 14102, 14101, 14310, 14310,
14101, 9999, -77142, 0, 0, 0, 0,
-51451, 10112, 10000, 125, 3, 10001, 14000,
14010, 14201, 14102, 14103, 14101, 14310, 14310,
14101, 9999, -77142, 0, 0, 0, 0,
-51451, 10113, 10000, 125, 3, 10001, 14000,
14010, 14201, 14103, 14103, 14101, 14310, 14310,
14101, 9999, -77142, 0, 0, 0, 0,
-51451, 10114, 10000, 125, 3, 10001, 14000,
14010, 14201, 14102, 14102, 14101, 14300, 14310,
14101, 9999, -77142, 0, 0, 0, 0,
-51451, 10115, 10000, 125, 3, 10001, 14000,
14010, 14201, 14102, 14102, 14101, 14310, 14300,
14101, 9999, -77142, 0, 0, 0, 0,
-51451, 10150, 10000, 125, 3, 10001, 14000,
14010, 14200, 39, 14102, 14103, 14101, 14310,
14310, 14101, 9999, -77142, 0, 0, 0,
-51451, 10170, 10000, 125, 3, 10001, 14000,
14010, 14200, 45, 14103, 14103, 14103, 14310,
14310, 14310, 9999, -77142, 0, 0, 0,
-51451, 10200, 10000, 125, 3, 10001, 14000,
14010, 14200, 3, 14102, 14102, 14101, 14310,
14300, 14101, 9999, -77142, 0, 0, 0,
-51451, 10201, 10000, 125, 3, 10001, 14000,
14010, 14200, 3, 14102, 14103, 14101, 14310,
14300, 14101, 9999, -77142, 0, 0, 0,
-51451, 10201, 10000, 125, 3, 10001, 14000,
14010, 14200, 3, 14103, 14102, 14101, 14310,
14300, 14101, 9999, -77142, 0, 0, 0,
-51451, 10203, 10000, 125, 3, 10001, 14000,
14010, 14200, 3, 14103, 14103, 14101, 14310,
14300, 14101, 9999, -77142, 0, 0, 0,
-51451, 10210, 10000, 125, 3, 10001, 14000,
14010, 14201, 14102, 14103, 14101, 14310, 14100,
99, 14101, 9999, -77142, 0, 0, 0,
-51451, 10211, 10000, 125, 3, 10001, 14000,
14010, 14201, 14102, 14103, 14101, 14310, 14100,
99, 14101, 14200, 6, 14102, 14101, 14101,
14100, 99, 14101, 14101, 9999, -77142, 0,
-51451, 10212, 10000, 125, 3, 10001, 14000,
14010, 14201, 14103, 14103, 14101, 14310, 14100,
99, 14101, 9999, -77142, 0, 0, 0,
-51451, 10250, 10000, 125, 3, 10001, 14000,
14010, 14200, 4, 14103, 14102, 14101, 14310,
14310, 14101, 9999, -77142, 0, 0, 0,
-51451, 10500, 10000, 125, 4, 10001, 14000,
14010, 14200, 27, 14101, 14102, 14101, 14100,
-142857, 14310, 14101, 9999, -77142, 0, 0,
-51451, 10600, 10000, 125, 6, 10001, 14000,
14010, 14200, 20, 14101, 14101, 14101, 11452,
0, 2, 10112, 4, 2, 10101, 4,
-285714, 14101, 14101, 10112, 3, 2, 10100,
5, 1, 11402, 1, 3, 2, 10112,
6, 3, 11300, 0, 6, -142857, 6,
11451, 1, 6, 10500, 6, 11402, 1,
3, 7, 11451, 0, 5, 10112, 6,
3, 11300, 0, 6, -142857, 6, 11451,
1, 6, 10800, 10111, 3, 5, 9999,
-77142, 0, 0, 0, 0, 0, 0,
-51451, 10700, 10000, 125, 5, 10001, 14000,
14010, 10112, 3, 2, 10100, 4, 1,
11402, 1, 3, 2, 10112, 5, 3,
11300, 0, 5, -285714, 5, 11451, 1,
5, 10500, 5, 11402, 1, 3, 7,
11451, 0, 4, 10112, 5, 3, 11300,
0, 5, -285714, 5, 11451, 1, 5,
10800, 10111, 3, 4, 9999, -77142, 0,
-51451, 10800, 10000, 125, 6, 10001, 14000,
14010, 10112, 3, 2, 10100, 4, 1,
11402, 1, 3, 2, 10112, 5, 3,
11300, 0, 5, -142857, 5, 11451, 1,
5, 10500, 5, 11402, 1, 3, 7,
11451, 0, 4, 10112, 5, 3, 11300,
0, 5, -142857, 5, 11451, 1, 5,
10800, 10111, 3, 4, 11452, 0, 3,
14200, 21, 14101, 14101, 14101, 11452, 0,
2, 10112, 6, 2, 10111, 6, 4,
14101, 14101, 9999, -77142, 0, 0, 0,
-51451, 10900, 10000, 125, 3, 10001, 14000,
14010, 14200, 19, 14102, 14101, 14101, 14310,
14101, 14101, 9999, -77142, 0, 0, 0,
-51451, 11000, 10000, 125, 3, 10001, 14000,
14010, 14200, 13, 14101, 14101, 14101, 14300,
14101, 14101, 9999, -77142, 0, 0, 0,
-51451, 11001, 10000, 125, 3, 10001, 14000,
14010, 14200, 13, 14102, 14101, 14101, 14310,
14101, 14101, 9999, -77142, 0, 0, 0,
-51451, 11010, 10000, 125, 3, 10001, 14000,
14010, 14200, 12, 14102, 14101, 14101, 14310,
14101, 14101, 9999, -77142, 0, 0, 0,
-51451, 11100, 10000, 125, 4, 10001, 14000,
14010, 14200, 5, 14102, 14101, 14101, 14100,
99, 14101, 14101, 14201, 14103, 14101, 14101,
14100, 99, 14300, 14101, 9999, -77142, 0,
-51451, 11150, 10000, 125, 4, 10001, 14000,
14010, 14200, 5, 14102, 14101, 14101, 14100,
99, 14101, 14101, 14201, 14103, 14102, 14101,
14100, 99, 14310, 14101, 9999, -77142, 0,
-51451, 11200, 10000, 125, 4, 10001, 14000,
14010, 14201, 14103, 14101, 14101, 14100, 99,
14300, 14101, 9999, -77142, 0, 0, 0,
-51451, 11250, 10000, 125, 4, 10001, 14000,
14010, 14201, 14103, 14102, 14101, 14100, 99,
14310, 14101, 9999, -77142, 0, 0, 0,
-51451, 11300, 10000, 125, 4, 10001, 14000,
14010, 10112, 3, 1, 10112, 3, 3,
11452, 0, 1, 11300, 0, 3, 0,
4, 10500, 4, 10100, 3, 27, 10600,
11300, 0, 3, 1, 4, 10500, 4,
10100, 3, 28, 10600, 11300, 0, 3,
2, 4, 10500, 4, 10100, 3, 29,
10600, 11300, 0, 3, 3, 4, 10500,
4, 10100, 3, 30, 10600, 10100, 3,
31, 10700, 10700, 10700, 10700, 11452, 0,
2, 10112, 4, 2, 10111, 4, 3,
14101, 14102, 14101, 14104, 14310, 14300, 14201,
14102, 14101, 14101, 14310, 14101, 14101, 14200,
20, 14101, 14101, 14101, 14103, 14101, 14101,
14201, 14102, 14101, 14101, 14311, 14102, 14101,
9999, -77142, 0, 0, 0, 0, 0,
-51451, 11350, 10000, 125, 4, 10001, 14000,
14010, 10112, 3, 1, 10112, 3, 3,
11452, 0, 1, 11300, 0, 3, 0,
4, 10500, 4, 10100, 3, 27, 10600,
11300, 0, 3, 1, 4, 10500, 4,
10100, 3, 28, 10600, 11300, 0, 3,
2, 4, 10500, 4, 10100, 3, 29,
10600, 11300, 0, 3, 3, 4, 10500,
4, 10100, 3, 30, 10600, 10100, 3,
31, 10700, 10700, 10700, 10700, 11452, 0,
2, 10112, 4, 2, 10111, 4, 3,
14101, 14102, 14102, 14104, 14310, 14310, 14201,
14102, 14101, 14101, 14310, 14101, 14101, 14200,
20, 14101, 14101, 14101, 14103, 14101, 14101,
14201, 14102, 14101, 14101, 14311, 14102, 14101,
9999, -77142, 0, 0, 0, 0, 0,
-51451, 11400, 10000, 125, 4, 10001, 14000,
14010, 10112, 3, 1, 10112, 3, 3,
11452, 0, 1, 11300, 0, 3, 0,
4, 10500, 4, 10100, 3, 7, 10600,
11300, 0, 3, 1, 4, 10500, 4,
10100, 3, 8, 10600, 11300, 0, 3,
2, 4, 10500, 4, 10100, 3, 9,
10600, 10100, 3, 10, 10700, 10700, 10700,
11452, 0, 2, 10112, 4, 2, 10111,
4, 3, 14102, 14102, 14101, 14301, 14300,
14300, 9999, -77142, 0, 0, 0, 0,
-51451, 11401, 10000, 125, 4, 10001, 14000,
14010, 10112, 3, 1, 10112, 3, 3,
11452, 0, 1, 11300, 0, 3, 0,
4, 10500, 4, 10100, 3, 7, 10600,
11300, 0, 3, 1, 4, 10500, 4,
10100, 3, 8, 10600, 11300, 0, 3,
2, 4, 10500, 4, 10100, 3, 9,
10600, 10100, 3, 10, 10700, 10700, 10700,
11452, 0, 2, 10112, 4, 2, 10111,
4, 3, 14102, 14102, 14101, 14301, 14300,
14310, 9999, -77142, 0, 0, 0, 0,
-51451, 11402, 10000, 125, 4, 10001, 14000,
14010, 10112, 3, 1, 10112, 3, 3,
11452, 0, 1, 11300, 0, 3, 0,
4, 10500, 4, 10100, 3, 7, 10600,
11300, 0, 3, 1, 4, 10500, 4,
10100, 3, 8, 10600, 11300, 0, 3,
2, 4, 10500, 4, 10100, 3, 9,
10600, 10100, 3, 10, 10700, 10700, 10700,
11452, 0, 2, 10112, 4, 2, 10111,
4, 3, 14102, 14102, 14101, 14310, 14311,
14300, 9999, -77142, 0, 0, 0, 0,
-51451, 11403, 10000, 125, 4, 10001, 14000,
14010, 10112, 3, 1, 10112, 3, 3,
11452, 0, 1, 11300, 0, 3, 0,
4, 10500, 4, 10100, 3, 7, 10600,
11300, 0, 3, 1, 4, 10500, 4,
10100, 3, 8, 10600, 11300, 0, 3,
2, 4, 10500, 4, 10100, 3, 9,
10600, 10100, 3, 10, 10700, 10700, 10700,
11452, 0, 2, 10112, 4, 2, 10111,
4, 3, 14102, 14102, 14102, 14310, 14311,
14310, 9999, -77142, 0, 0, 0, 0,
-51451, 11450, 10000, 125, 4, 10001, 14000,
14010, 10112, 3, 1, 10112, 3, 3,
11452, 0, 1, 11300, 0, 3, 0,
4, 10500, 4, 10100, 3, 5, 10600,
10100, 3, 6, 10700, 11452, 0, 2,
10112, 4, 2, 10111, 4, 3, 14102,
14101, 14101, 14300, 14101, 14101, 9999, -77142,
-51451, 11451, 10000, 125, 4, 10001, 14000,
14010, 10112, 3, 1, 10112, 3, 3,
11452, 0, 1, 11300, 0, 3, 0,
4, 10500, 4, 10100, 3, 5, 10600,
10100, 3, 6, 10700, 11452, 0, 2,
10112, 4, 2, 10111, 4, 3, 14102,
14101, 14101, 14310, 14101, 14101, 9999, -77142,
-51451, 11452, 10000, 125, 4, 10001, 14000,
14010, 10112, 3, 1, 10112, 3, 3,
11452, 0, 1, 11300, 0, 3, 0,
4, 10500, 4, 10100, 3, 5, 10600,
10100, 3, 6, 10700, 11452, 0, 2,
10112, 4, 2, 10111, 4, 3, 14103,
14101, 14101, 14310, 14101, 14101, 9999, -77142,
-51451, 11453, 10000, 125, 4, 10001, 14000,
14010, 10112, 3, 1, 10112, 3, 3,
11452, 0, 1, 11300, 0, 3, 0,
4, 10500, 4, 10100, 3, 5, 10600,
10100, 3, 6, 10700, 11452, 0, 2,
10112, 4, 2, 10111, 4, 3, 14103,
14101, 14101, 14100, 99, 14101, 14101, 9999,
-77142, 0, 0, 0, 0, 0, 0,
-51451, 11500, 10000, 125, 3, 10001, 14000,
14010, 14200, 49, 14101, 14101, 14101, 14101,
14300, 14101, 9999, -77142, 0, 0, 0,
-51451, 11501, 10000, 125, 3, 10001, 14000,
14010, 14200, 49, 14101, 14102, 14101, 14101,
14310, 14101, 9999, -77142, 0, 0, 0,
-51451, 12000, 10000, 125, 3, 10001, 14000,
14010, 14200, 43, 14102, 14101, 14101, 14300,
14300, 14101, 9999, -77142, 0, 0, 0,
-51451, 12001, 10000, 125, 3, 10001, 14000,
14010, 14200, 43, 14102, 14102, 14101, 14300,
14310, 14101, 9999, -77142, 0, 0, 0,
-51451, 12002, 10000, 125, 3, 10001, 14000,
14010, 14200, 43, 14103, 14101, 14101, 14310,
14300, 14101, 9999, -77142, 0, 0, 0,
-51451, 12003, 10000, 125, 3, 10001, 14000,
14010, 14200, 43, 14103, 14102, 14101, 14310,
14310, 14101, 9999, -77142, 0, 0, 0,
-51451, 13000, 10000, 125, 3, 10001, 14000,
14010, 14200, 14, 14102, 14101, 14101, 14310,
14101, 14101, 9999, -77142, 0, 0, 0,
-51451, 13001, 10000, 125, 3, 10001, 14000,
14010, 14200, 16, 14102, 14101, 14101, 14310,
14101, 14101, 9999, -77142, 0, 0, 0,
-51451, 13100, 10000, 125, 3, 10001, 14000,
14010, 14200, 15, 14102, 14102, 14101, 14310,
14310, 14101, 9999, -77142, 0, 0, 0,
-51451, 13200, 10000, 125, 3, 10001, 14000,
14010, 14200, 17, 14102, 14102, 14101, 14310,
14310, 14101, 9999, -77142, 0, 0, 0,
-51451, 14999, 10000, 125, 3, 10001, 14000,
14010, 14200, 34, 14101, 14101, 14101, 14101,
14101, 14101, 9999, -77142, 0, 0, 0,
-51451, 14000, 10000, 125, 3, 10001, 14000,
14010, 14201, 14102, 14102, 14101, 14100, 100,
14100, 99, 14101, 14200, 5, 14103, 14101,
14101, 14100, 100, 14101, 14101, 9999, -77142,
-51451, 14010, 10000, 125, 3, 10001, 14000,
14010, 14200, 6, 14102, 14101, 14101, 14100,
99, 14101, 14101, 14201, 14102, 14103, 14101,
14100, 101, 14100, 99, 14101, 14200, 5,
14102, 14101, 14101, 14100, 99, 14101, 14101,
14200, 5, 14102, 14101, 14101, 14100, 101,
14101, 14101, 9999, -77142, 0, 0, 0,
-51451, 14100, 10000, 125, 3, 10001, 14000,
14010, 14200, 5, 14103, 14101, 14101, 14100,
101, 14101, 14101, 14201, 14104, 14101, 14101,
14100, 101, 14300, 14101, 9999, -77142, 0,
-51451, 14101, 10000, 125, 3, 10001, 14000,
14010, 14200, 5, 14103, 14101, 14101, 14100,
101, 14101, 14101, 14201, 14104, 14101, 14101,
14100, 101, 14101, 14101, 9999, -77142, 0,
-51451, 14102, 10000, 125, 3, 10001, 14000,
14010, 14200, 5, 14103, 14101, 14101, 14100,
101, 14101, 14101, 14201, 14104, 14101, 14101,
14100, 101, 14102, 14101, 9999, -77142, 0,
-51451, 14103, 10000, 125, 3, 10001, 14000,
14010, 14200, 5, 14103, 14101, 14101, 14100,
101, 14101, 14101, 14201, 14104, 14101, 14101,
14100, 101, 14103, 14101, 9999, -77142, 0,
-51451, 14104, 10000, 125, 3, 10001, 14000,
14010, 14200, 5, 14103, 14101, 14101, 14100,
101, 14101, 14101, 14201, 14104, 14101, 14101,
14100, 101, 14104, 14101, 9999, -77142, 0,
-51451, 14200, 10000, 125, 3, 10001, 14000,
14010, 14200, 5, 14103, 14101, 14101, 14100,
101, 14101, 14101, 14201, 14104, 14101, 14101,
14100, 101, 14300, 14101, 9999, -77142, 0,
-51451, 14201, 10000, 125, 3, 10001, 14000,
14010, 14200, 5, 14103, 14101, 14101, 14100,
101, 14101, 14101, 14201, 14104, 14101, 14101,
14100, 101, 14201, 14101, 9999, -77142, 0,
-51451, 14300, 10000, 125, 3, 10001, 14000,
14010, 14200, 5, 14103, 14101, 14101, 14100,
101, 14101, 14101, 14201, 14104, 14104, 14101,
14100, 101, 14100, 100, 14101, 14200, 5,
14103, 14101, 14101, 14100, 100, 14101, 14101,
9999, -77142, 0, 0, 0, 0, 0,
-51451, 14301, 10000, 125, 3, 10001, 14000,
14010, 14200, 5, 14103, 14101, 14101, 14100,
101, 14101, 14101, 14201, 14104, 14104, 14101,
14100, 101, 14100, 100, 14101, 9999, -77142,
-51451, 14310, 10000, 125, 3, 10001, 14000,
14010, 14200, 5, 14103, 14101, 14101, 14100,
101, 14101, 14101, 14200, 7, 14102, 14102,
14104, 14100, 103, 14100, 98, 14100, 100,
14201, 14104, 14103, 14101, 14100, 101, 14100,
103, 14101, 14200, 5, 14103, 14101, 14101,
14100, 100, 14101, 14101, 9999, -77142, 0,
-51451, 14311, 10000, 125, 3, 10001, 14000,
14010, 14200, 5, 14103, 14101, 14101, 14100,
101, 14101, 14101, 14201, 14104, 14103, 14101,
14100, 101, 14100, 103, 14101, 9999, -77142,
-51451, 15000, 10000, 125, 3, 10001, 14000,
14010, 14200, 32, 14103, 14101, 14101, 14101,
14101, 14101, 9999, -77142, 0, 0, 0,
-51451, 15001, 10000, 125, 3, 10001, 14000,
14010, 14200, 7, 14103, 14103, 14101, 14101,
14101, 14104, 9999, -77142, 0, 0, 0,
-51451, 15002, 10000, 125, 3, 10001, 14000,
14010, 14201, 14102, 14103, 14101, 14310, 14101,
14101, 9999, -77142, 0, 0, 0, 0,
-51451, 15003, 10000, 125, 3, 10001, 14000,
14010, 14201, 14102, 14102, 14101, 14310, 14100,
99, 14101, 9999, -77142, 0, 0, 0,
-51451, 15004, 10000, 125, 3, 10001, 14000,
14010, 14200, 45, 14103, 14103, 14103, 14310,
14310, 14310, 9999, -77142, 0, 0, 0,
-51451, 9999, 10000, 125, 3, 10001, 14000,
14010, 14200, 19, 14103, 14101, 14101, 14101,
14101, 14101, 9999, -77142, 0, 0, 0,
-51451, 1, 10000, 125, 0, 10001, 11000,
0, 11500, 2, 14999, 9999, -77142, 0,
-51451, 0, 10000, 125, 5, 10001, 10210,
1, 10100, 2, 0, 10100, 3, 1,
10500, 3, 11402, 0, 2, 7, 10150,
4, 2, 11300, 0, 4, 46, 3,
10500, 3, 11402, 0, 2, 2, 10150,
4, 2, 11350, 0, 4, 1, 3,
11402, 1, 3, 1, 11402, 1, 2,
2, 10600, 10100, 3, 1, 10700, 10800,
11450, 1, 99, 11402, 3, 2, 7,
11450, 0, 0, 15000, 15001, 10900, 2,
11450, 1, 0, 15002, 5, 11450, 1,
0, 10900, 5, -77142, 0, 0, 0,
46, 0, -1, 0, 0, 0, 0,
